Order_ID,Customer_ID,order_sales,discount_mean,ship_mode,region,y_true_returned,p_return_hgb,flag_top10pct
US-2023-135013,HR-14830,2399.96,0.2,Same Day,West,0,0.08571471655401382,0
US-2023-125640,DD-13570,3.304,0.2,Standard Class,East,0,0.02084643425294663,0
US-2023-121293,JC-15775,477.092,0.24000000000000005,Second Class,East,0,0.08480369492741754,0
US-2023-167549,EM-14200,596.232,0.3,First Class,Central,0,0.02726450994072928,0
US-2023-169810,RB-19360,20.23,0.0,Standard Class,Central,0,0.019216445737062316,0
US-2023-167318,GZ-14545,2012.3020000000001,0.1,Standard Class,West,0,0.07847488037121664,0
US-2023-108791,TM-21490,558.81,0.0,Standard Class,East,0,0.07220917308899293,0
US-2023-133046,DK-13375,297.99,0.0,Second Class,West,0,0.1234565209640897,1
US-2023-123239,MG-18145,91.032,0.2,Second Class,South,0,0.026964865096767876,0
US-2023-107209,JW-15955,194.848,0.2,Second Class,South,0,0.021009056940473603,0
US-2023-130841,MH-17620,1170.5639999999999,0.13333333333333333,Standard Class,West,0,0.13469334045237646,1
US-2023-113852,GW-14605,90.57,0.0,Standard Class,West,0,0.06088153669155353,0
US-2023-146031,GM-14440,60.12,0.0,Second Class,East,0,0.016640529732126163,0
US-2023-101483,AG-10675,61.216,0.20000000000000004,Second Class,South,0,0.02874950397381193,0
US-2023-130953,RF-19735,935.74,0.0,Standard Class,Central,0,0.049768038155688796,0
US-2023-130771,LA-16780,127.688,0.2,Standard Class,Central,0,0.02861114326136501,0
US-2023-115301,VG-21790,115.96,0.0,Standard Class,West,0,0.04757034496595905,0
US-2023-155740,TC-21475,153.552,0.7,First Class,East,0,0.031315762690738165,0
US-2023-141103,JF-15355,89.95,0.0,Standard Class,East,0,0.03290476820252163,0
US-2023-167913,JL-15835,356.65,0.0,Second Class,West,0,0.1305544389437451,1
US-2023-126144,GM-14680,285.576,0.4,Standard Class,East,0,0.019019869163556583,0
US-2023-115805,KW-16435,36.792,0.2,Same Day,Central,0,0.019579211202470286,0
US-2023-165869,LS-17200,173.4,0.0,Standard Class,Central,0,0.07049223302014328,0
US-2023-161102,EC-14050,187.04000000000002,0.0,First Class,West,0,0.11421880551325576,0
US-2023-121909,EA-14035,54.816,0.2,Standard Class,East,0,0.01720950546751357,0
US-2023-125752,EH-14125,41.424,0.2,Standard Class,South,0,0.01655143634980736,0
US-2023-147032,LB-16795,872.5,0.0,Standard Class,East,0,0.023372157493505078,0
US-2023-133235,LH-16750,543.92,0.2,First Class,South,0,0.02420151845210812,0
US-2023-162691,AS-10045,1476.27,0.30000000000000004,Standard Class,Central,0,0.04356774294248703,0
US-2023-168942,EM-13960,186.54,0.0,Second Class,West,0,0.09956538647454873,0
US-2023-124576,HK-14890,54.896,0.2,Second Class,West,0,0.052383566523652614,0
US-2023-135034,AT-10735,191.968,0.2,First Class,Central,0,0.0212759329827134,0
US-2023-163566,TB-21055,33.04,0.2,First Class,East,0,0.01555095706375096,0
US-2023-140781,AB-10105,39.816,0.2,Standard Class,Central,0,0.015444105090185666,0
US-2023-143175,GA-14515,99.87,0.0,Second Class,West,0,0.05047895781347867,0
US-2023-165386,CM-12190,366.744,0.3,First Class,Central,0,0.022472686473099898,0
US-2023-141747,SC-20230,16.06,0.0,Second Class,West,0,0.038963830343803595,0
US-2023-168396,BD-11725,175.70999999999998,0.0,Second Class,West,0,0.15931982823021124,1
US-2023-132738,HM-14860,33.504000000000005,0.2,First Class,West,0,0.09927178100817509,0
US-2023-146367,HM-14860,3.318,0.8,Standard Class,Central,0,0.018354210682870978,0
US-2023-128328,PO-18865,338.86,0.0,Standard Class,Central,0,0.05993871356097876,0
US-2023-117695,PW-19030,27.52,0.0,First Class,South,0,0.016220952479567962,0
US-2023-154676,NZ-18565,302.112,0.2,First Class,Central,0,0.01859487965106557,0
US-2023-151981,GM-14455,1077.47,0.0,Standard Class,East,0,0.027161054599641247,0
US-2023-136609,TB-21355,115.296,0.2,Standard Class,Central,0,0.01996833674317565,0
US-2023-168172,SH-20395,70.12,0.0,Standard Class,East,0,0.015614916464446271,0
US-2023-161200,SV-20365,161.14000000000001,0.0,Second Class,South,0,0.02654561844295537,0
US-2023-163321,FM-14380,79.992,0.2,Second Class,South,0,0.01930368473413743,0
US-2023-156776,JL-15505,2563.314,0.1,Standard Class,West,0,0.1502601975590718,1
US-2023-155999,JK-15370,173.72,0.2,Standard Class,West,1,0.10078894190861419,0
US-2023-117023,JW-15955,116.47999999999999,0.0,Standard Class,East,0,0.06425486325877644,0
US-2023-115175,MC-17575,244.55,0.0,Standard Class,West,0,0.07583096608881006,0
US-2023-158344,CC-12475,63.96,0.0,Standard Class,Central,0,0.014294849773811725,0
US-2023-110821,CK-12205,475.216,0.2,First Class,Central,0,0.02450576322272325,0
CA-2023-129322,DB-13405,601.44,0.0,Second Class,East,0,0.023447893103000786,0
US-2023-145443,SC-20695,177.2,0.0,Second Class,Central,0,0.027451585406993897,0
US-2023-143063,IL-15100,1645.87,0.0,Standard Class,Central,0,0.024813132754502063,0
US-2023-100433,SJ-20125,25.92,0.0,Standard Class,East,0,0.016645515747147198,0
US-2023-160899,DR-12940,477.51,0.0,Second Class,South,0,0.032724429553428636,0
US-2023-139311,SF-20965,410.592,0.35000000000000003,First Class,Central,0,0.06492307276684917,0
US-2023-118941,BB-11545,2017.3200000000002,0.0,Same Day,East,0,0.04688898209753407,0
US-2023-106537,RH-19495,20.736,0.2,Standard Class,South,0,0.01657256966464134,0
US-2023-158169,JM-16195,1195.7200000000003,0.0,First Class,West,0,0.08020645761324419,0
US-2023-152310,DK-12895,1057.168,0.06666666666666667,Standard Class,West,0,0.22259333649270366,1
US-2023-128363,DC-12850,2382.9260000000004,0.27142857142857146,Standard Class,South,0,0.1203275894975773,0
US-2023-167542,KD-16495,17.544,0.2,Standard Class,East,0,0.014615396042088573,0
US-2023-103828,JK-15370,206.67000000000002,0.0,Same Day,West,1,0.1706496269730435,1
US-2023-100580,MK-17905,36.024,0.2,Standard Class,West,0,0.0761772355315482,0
US-2023-105921,JM-15250,418.296,0.2,Standard Class,West,0,0.07551921329322643,0
US-2023-169264,NP-18700,22.439999999999998,0.0,Second Class,West,0,0.141033330813012,1
US-2023-117723,DL-13495,1801.632,0.2,Second Class,East,0,0.02179039282335802,0
US-2023-138548,JG-15160,97.84,0.0,Standard Class,East,0,0.030138611188731346,0
US-2023-144883,BO-11350,50.4,0.0,Standard Class,Central,0,0.020081387352556178,0
US-2023-122987,SJ-20215,80.564,0.44999999999999996,Same Day,South,0,0.028664459494020474,0
US-2023-151211,AH-10120,201.09,0.0,Standard Class,South,0,0.05215237717900053,0
US-2023-118892,TP-21415,4416.174,0.3,Second Class,East,0,0.022789155887016636,0
US-2023-111423,EH-13765,2716.968,0.15000000000000002,First Class,East,0,0.02470315075483979,0
US-2023-166093,RW-19540,3397.732,0.08571428571428573,Standard Class,West,1,0.11361662904218646,0
US-2023-133102,ED-13885,143.808,0.42000000000000004,Standard Class,Central,0,0.07683104045215282,0
US-2023-162936,CM-12160,23.18,0.0,Standard Class,East,0,0.01507404928608353,0
US-2023-112809,RA-19915,228.188,0.6,Standard Class,Central,0,0.031173467459372235,0
US-2023-151358,NF-18595,323.1,0.0,Standard Class,West,0,0.03999750395100702,0
US-2023-163069,PJ-19015,9.912,0.2,Second Class,East,0,0.0225381541093917,0
US-2023-119809,YS-21880,3859.488,0.06666666666666667,Standard Class,West,0,0.05783459344746124,0
US-2023-122028,CK-12205,10.782,0.7,Standard Class,East,0,0.018221722751495018,0
US-2023-121027,HW-14935,2340.06,0.0,Standard Class,West,0,0.12293465715721558,0
US-2023-117947,NG-18355,283.774,0.04,Second Class,East,0,0.158504095806687,1
CA-2023-132339,JB-15400,19.44,0.0,Standard Class,East,0,0.016913605953583585,0
US-2023-132339,JB-15400,387.99,0.0,Standard Class,East,0,0.02602971646408128,0
US-2023-101728,SC-20575,2.296,0.8,Standard Class,Central,0,0.021345074859137825,0
US-2023-115777,DO-13645,19.44,0.0,Standard Class,East,0,0.018999418167240295,0
US-2023-100398,DO-13435,102.72,0.2,Standard Class,West,0,0.08171744794890563,0
CA-2023-115777,DO-13645,387.99,0.0,Standard Class,East,0,0.027478826242806995,0
US-2023-137344,EM-13810,40.29,0.0,Same Day,East,0,0.01799180654513634,0
US-2023-111241,GM-14500,239.12,0.2,Second Class,West,0,0.08423924675461482,0
US-2023-114356,TT-21460,35.96,0.2,Standard Class,South,0,0.015469189878901082,0
US-2023-105326,KT-16480,25.92,0.0,Standard Class,West,0,0.0752610251357002,0
US-2023-119011,LR-17035,351.65999999999997,0.06666666666666667,Standard Class,West,0,0.14602326693908438,1
US-2023-102183,PK-19075,4337.639999999999,0.2,Standard Class,East,0,0.03564106351164622,0
US-2023-126956,GT-14710,87.52000000000001,0.0,Standard Class,Central,0,0.023034613818635873,0
US-2023-121489,CM-11815,994.4639999999999,0.06666666666666667,Second Class,West,0,0.10027901685508933,0
US-2023-117646,SC-20845,266.52,0.20000000000000004,Standard Class,West,0,0.10142179375758306,0
US-2023-144750,DL-13495,83.88,0.2,Same Day,West,0,0.038050865093810816,0
US-2023-109253,PR-18880,3040.2999999999997,0.08571428571428573,First Class,West,1,0.29455725405004307,1
US-2023-155705,NF-18385,866.4,0.0,Second Class,South,0,0.024057265266234786,0
US-2023-112956,TH-21550,394.47999999999996,0.0,Standard Class,East,0,0.03225326819339302,0
US-2023-131037,TM-21490,420.016,0.2,First Class,West,0,0.04751701851383992,0
US-2023-132381,Dp-13240,629.064,0.4,First Class,East,0,0.02387582177893745,0
US-2023-129021,PO-18850,4590.344,0.2,Second Class,South,0,0.026368061122139817,0
US-2023-139717,DM-13015,656.6400000000001,0.2,Second Class,East,0,0.036352103876132524,0
US-2023-123043,AH-10195,28.416,0.2,Standard Class,East,0,0.02486942299200522,0
US-2023-114636,GA-14725,192.16,0.2,Standard Class,South,0,0.026551830456925433,0
US-2023-105697,JE-15715,51.392,0.2,First Class,East,0,0.015362982758487152,0
US-2023-159793,SV-20365,130.98,0.5,Standard Class,East,0,0.020520529038719662,0
US-2023-101210,DW-13540,13.152,0.2,Second Class,South,0,0.025372206604254988,0
US-2023-157350,DP-13000,64.96,0.6,Standard Class,Central,0,0.022431699170506945,0
US-2023-132584,HJ-14875,107.44,0.0,First Class,Central,0,0.03014209931143039,0
US-2023-128475,SC-20680,71.98,0.0,Standard Class,South,0,0.016565600522407336,0
US-2023-161956,DR-12880,2971.792,0.07500000000000001,Second Class,West,1,0.1851464039677935,1
US-2023-155047,SE-20110,11.904,0.2,First Class,Central,0,0.02399032919194842,0
US-2023-162208,SP-20620,5.792,0.2,First Class,South,0,0.015526420094766229,0
US-2023-139465,MR-17545,897.6360000000001,0.06666666666666667,First Class,East,0,0.12056928031775063,0
US-2023-163097,SF-20200,120.576,0.2,Standard Class,West,0,0.06808801444906067,0
US-2023-133501,DK-12895,5.184,0.2,Standard Class,South,0,0.015197456907441708,0
US-2023-134481,AR-10405,1488.424,0.3,Standard Class,East,0,0.02702826676270132,0
US-2023-101273,ST-20530,14.336,0.2,Second Class,South,1,0.02159403968785997,0
US-2023-130036,BP-11185,1132.56,0.2,Same Day,East,0,0.05337123572832311,0
US-2023-126067,KN-16705,1278.158,0.1,Standard Class,West,0,0.06518579932879719,0
US-2023-146920,SC-20305,52.064,0.2,Standard Class,Central,0,0.024875730707722643,0
US-2023-169502,MG-17650,113.41,0.0,Standard Class,Central,0,0.05972040602670402,0
US-2023-104024,MD-17860,9.408,0.2,Second Class,East,0,0.019217544470836827,0
US-2023-101014,RW-19540,148.02,0.0,Standard Class,West,0,0.048473326365260805,0
US-2023-144064,CP-12085,156.08,0.4000000000000001,First Class,Central,1,0.046588784006817645,0
US-2023-117198,BG-11035,659.9,0.0,Standard Class,South,0,0.02284366970978316,0
US-2023-154074,BW-11110,719.298,0.1,Second Class,West,1,0.12280366284376415,0
US-2023-127712,MG-17890,6.208,0.2,Standard Class,West,0,0.03298238537272777,0
US-2023-107321,AW-10930,696.08,0.2,Standard Class,West,0,0.14235740366621796,1
US-2023-133004,AJ-10945,638.73,0.0,Standard Class,Central,0,0.030835785047092282,0
US-2023-132619,MS-17770,193.95,0.0,Standard Class,West,0,0.05529827201326051,0
US-2023-135062,RL-19615,229.544,0.2,Second Class,South,0,0.022070963830094027,0
US-2023-159884,JF-15490,19.119999999999997,0.2,Standard Class,West,0,0.042548901944812575,0
US-2023-131625,BN-11515,114.9,0.0,Second Class,East,0,0.02820984242733341,0
US-2023-128041,RW-19540,598.1600000000001,0.0,Same Day,West,0,0.0913912679039469,0
US-2023-135230,CK-12325,7.58,0.0,Standard Class,West,0,0.032496199109391,0
US-2023-107909,SS-20875,42.91,0.1,Standard Class,West,0,0.23938922485802358,1
US-2023-145653,CA-12775,498.26,0.0,Same Day,Central,0,0.028133862683162182,0
US-2023-113075,MC-18100,40.68,0.2,Standard Class,Central,0,0.020548473146664175,0
US-2023-146983,AH-10210,1577.94,0.0,Standard Class,South,0,0.024755466978578288,0
US-2023-110380,PF-19225,6.57,0.0,Standard Class,West,0,0.049028803299084565,0
US-2023-169327,MH-17290,702.52,0.06666666666666667,Second Class,West,1,0.1228615212548021,0
US-2023-102218,LW-17215,11.696,0.2,Second Class,West,0,0.033062967531307774,0
US-2023-137596,BE-11335,3480.96,0.0,Standard Class,Central,0,0.08042598932357312,0
US-2023-114216,RK-19300,12.192,0.2,Standard Class,East,0,0.016860277272631813,0
US-2023-157987,AC-10615,2255.868,0.05833333333333333,Standard Class,East,0,0.18714295942229794,1
US-2023-145037,TB-21055,237.64000000000001,0.0,Second Class,East,0,0.11439486525746632,0
US-2023-114552,Dl-13600,15.072,0.2,Standard Class,East,0,0.01539521678905017,0
US-2023-123001,AW-10840,284.98400000000004,0.06666666666666667,Standard Class,West,0,0.23463197315645445,1
US-2023-111220,JS-15595,257.508,0.4000000000000001,Standard Class,Central,0,0.06079966442587356,0
US-2023-111388,SU-20665,215.976,0.2,Same Day,West,0,0.050593498901713885,0
US-2023-163657,JL-15235,255.248,0.2,Standard Class,West,0,0.11434676756992007,0
US-2023-146136,AP-10915,24.448,0.2,Standard Class,South,0,0.015134087407716077,0
US-2023-161823,AG-10300,5.96,0.0,Standard Class,West,0,0.02847671183747999,0
US-2023-161557,AG-10900,108.4,0.6,Standard Class,Central,1,0.028228810837360247,0
US-2023-153255,JK-15730,239.666,0.15,Second Class,West,0,0.03910239706447349,0
US-2023-167626,MY-18295,109.704,0.2,Standard Class,Central,0,0.030373414653260353,0
US-2023-123022,SC-20050,367.53000000000003,0.1,Standard Class,West,0,0.1907293475995256,1
US-2023-122637,EP-13915,42.616,0.8,Second Class,Central,0,0.026539011237145756,0
US-2023-161067,KB-16405,697.525,0.05,Second Class,East,0,0.08539392680037472,0
US-2023-141929,RA-19285,711.394,0.13333333333333333,Standard Class,West,1,0.11237724923763497,0
US-2023-117450,DO-13645,107.55199999999999,0.2,Standard Class,South,0,0.040390155673883835,0
US-2023-117261,TH-21235,54.32,0.0,Standard Class,West,0,0.046387387826351614,0
US-2023-152485,JD-15790,40.096,0.20000000000000004,Standard Class,Central,0,0.02601607408294064,0
US-2023-109757,MD-17350,49.704,0.44999999999999996,Second Class,East,0,0.02061671560407742,0
US-2023-116680,PK-19075,1491.616,0.2,Second Class,West,0,0.07315707214784928,0
US-2023-147410,EJ-14155,421.1,0.0,Standard Class,West,0,0.03890115023890093,0
US-2023-100783,JK-16120,30.384,0.2,Second Class,Central,0,0.02129134995659829,0
US-2023-102750,GM-14695,1322.352,0.2,Second Class,West,0,0.06494610314613095,0
US-2023-166394,VM-21835,14.82,0.0,Second Class,East,0,0.01788862163614584,0
US-2023-137582,CV-12805,11.808,0.2,Standard Class,West,0,0.035660964757204996,0
US-2023-120761,AB-10150,91.96,0.0,Standard Class,East,0,0.03761379045682337,0
US-2023-101182,KB-16405,112.272,0.1,First Class,West,0,0.10528223037286825,0
US-2023-147655,AS-10045,176.148,0.7,First Class,West,0,0.10612793084026058,0
US-2023-140326,HW-14935,1699.692,0.2333333333333333,First Class,Central,0,0.052838257854985256,0
US-2023-117394,MM-17920,19.04,0.2,Standard Class,East,0,0.017958550799617834,0
US-2023-120705,MG-17875,147.184,0.2,Standard Class,South,0,0.020954159296339016,0
US-2023-107293,CS-12400,5.56,0.0,First Class,West,0,0.030738984705870432,0
US-2023-102736,LP-17095,177.07999999999998,0.20000000000000004,Standard Class,South,0,0.04735287885127085,0
US-2023-124401,RD-19900,317.624,0.2,Standard Class,West,1,0.099918704024123,0
US-2023-129441,JC-15340,47.94,0.0,Standard Class,West,0,0.10378082558385157,0
US-2023-148929,SP-20620,478.08,0.0,Standard Class,East,0,0.029569071702365547,0
US-2023-104094,AG-10675,13.48,0.0,Standard Class,Central,0,0.015627068496221554,0
US-2023-151008,JM-16195,303.44,0.1,First Class,West,0,0.10127037320364957,0
US-2023-100160,CB-12025,49.688,0.20000000000000004,Standard Class,East,0,0.02684210944781093,0
US-2023-163692,Dp-13240,15.714,0.7,First Class,West,0,0.07164436915702872,0
US-2023-169488,AA-10375,113.72,0.0,First Class,East,0,0.023561326795084585,0
US-2023-107244,AG-10390,19.76,0.0,Standard Class,West,0,0.08921127957416694,0
US-2023-130687,PF-19225,1125.304,0.06666666666666667,First Class,West,0,0.1169092880722194,0
US-2023-150070,JA-15970,161.568,0.2,Standard Class,West,0,0.05729150916761981,0
US-2023-128783,TG-21640,248.82,0.0,Same Day,Central,0,0.06269335139177722,0
US-2023-100335,NF-18595,73.008,0.2,Standard Class,Central,0,0.01952044394433991,0
US-2023-128769,DM-12955,81.568,0.2,Standard Class,South,0,0.015476702263254049,0
US-2023-103877,RD-19660,1577.94,0.0,Standard Class,Central,0,0.025311687611975282,0
US-2023-132437,EM-14095,65.12,0.0,Second Class,East,0,0.016194256745644297,0
US-2023-124968,MM-18055,765.625,0.5,Second Class,Central,0,0.02285477645886973,0
US-2023-124779,BF-11020,1327.74,0.3833333333333333,First Class,Central,0,0.07423421001977411,0
US-2023-152856,RS-19765,116.832,0.2,Second Class,East,0,0.02354774146383671,0
US-2023-149895,EB-14110,258.528,0.4,Standard Class,East,0,0.02122903510623373,0
US-2023-144456,FC-14245,440.112,0.2,First Class,South,0,0.04031870896424338,0
US-2023-126396,AR-10345,85.2,0.2,Second Class,Central,0,0.0278343450834053,0
US-2023-158036,DB-13555,9.096,0.2,Standard Class,East,0,0.01500417141915036,0
US-2023-137498,LC-17050,298.0,0.06666666666666667,Second Class,West,0,0.20697007855651572,1
US-2023-146213,MC-17605,159.96,0.0,Standard Class,West,0,0.05457918404592984,0
US-2023-152198,JD-16015,57.66,0.5333333333333333,First Class,East,0,0.035203982179339295,0
US-2023-100825,KD-16495,99.87,0.0,Standard Class,West,0,0.0588481078229147,0
US-2023-147228,SO-20335,458.98400000000004,0.2,Standard Class,South,0,0.04668401936614366,0
US-2023-118087,SP-20620,2457.141,0.3625,Standard Class,East,1,0.06004003750018866,0
US-2023-155929,AI-10855,6.368,0.2,Standard Class,West,0,0.028079487992991082,0
US-2023-147361,SB-20290,685.26,0.0,Standard Class,South,0,0.029520203557513953,0
US-2023-169439,LC-17140,92.032,0.2,Standard Class,East,0,0.033969662339793844,0
US-2023-159562,JB-16000,17.48,0.0,Standard Class,Central,0,0.02074722593737253,0
US-2023-139444,GK-14620,9.856,0.2,Standard Class,Central,0,0.018924896346120306,0
US-2023-168403,DK-12835,42.28,0.2,Standard Class,West,0,0.1465027411387327,1
US-2023-126438,AR-10345,29.76,0.0,First Class,East,0,0.019558358863018693,0
US-2023-122280,SH-20395,18.76,0.0,Same Day,East,0,0.015597830784540764,0
US-2023-159954,SS-20410,2.78,0.0,Standard Class,South,1,0.02125573074030421,0
US-2023-128370,FH-14275,369.536,0.2,Same Day,West,0,0.10964285668329814,0
CA-2023-126438,AR-10345,5.56,0.0,First Class,East,0,0.019558358863018693,0
US-2023-147403,KH-16630,170.112,0.2,First Class,East,0,0.020667914635279783,0
US-2023-152093,SN-20560,762.594,0.8,Standard Class,Central,0,0.020869120633431784,0
US-2023-110905,RW-19690,808.9200000000001,0.0,Second Class,Central,0,0.046428571945012216,0
US-2023-123036,HA-14905,296.952,0.30000000000000004,Standard Class,East,0,0.03363512822289851,0
US-2023-120999,LC-16930,147.168,0.2,Standard Class,Central,0,0.01912120708175716,0
US-2023-127726,SS-20410,209.88,0.0,Second Class,South,0,0.0425108883725308,0
US-2023-149559,KF-16285,2089.412,0.06666666666666667,Same Day,West,0,0.15041245264192332,1
US-2023-144484,CB-12025,438.96000000000004,0.0,Same Day,West,0,0.11715179614874706,0
US-2023-117044,HA-14920,31.072000000000003,0.2,Second Class,Central,0,0.020173901307663816,0
US-2023-160836,CC-12475,524.018,0.43333333333333335,Standard Class,Central,0,0.06040523654480678,0
US-2023-112774,RC-19960,69.008,0.2,First Class,South,0,0.01592260135159446,0
US-2023-166898,KH-16630,163.392,0.1,Second Class,West,1,0.10713208950772854,0
US-2023-142188,JF-15415,1820.208,0.12000000000000002,Same Day,West,0,0.2648478012259819,1
US-2023-152898,CB-12025,67.9,0.0,Standard Class,South,0,0.018612654101356638,0
US-2023-124898,DB-12910,184.66,0.0,Standard Class,South,0,0.034669641769286025,0
US-2023-103611,JM-15535,16.72,0.0,First Class,West,0,0.05367670030333459,0
US-2023-108749,DJ-13510,182.28,0.0,First Class,East,0,0.08367228013855113,0
US-2023-140676,BF-11080,451.21999999999997,0.0,First Class,East,0,0.1315809656909839,1
US-2023-109582,JM-15865,166.44,0.0,Second Class,West,0,0.04951312489328877,0
US-2023-139493,SG-20605,15.92,0.2,Standard Class,South,0,0.015302082719970652,0
US-2023-156237,PS-18760,1034.514,0.5499999999999999,First Class,East,0,0.05317722193142515,0
US-2023-130302,CY-12745,895.944,0.2,Standard Class,East,0,0.02316289554188002,0
US-2023-147725,LT-17110,70.95,0.0,Same Day,East,0,0.016595502790642716,0
US-2023-157224,JB-16000,56.7,0.0,Second Class,West,0,0.10486269061533658,0
US-2023-115882,DB-13555,2034.272,0.2,First Class,South,0,0.03464777633953137,0
US-2023-108931,HZ-14950,20.12,0.0,Standard Class,East,1,0.027169794363299932,0
US-2023-114440,TB-21520,19.05,0.0,Second Class,Central,0,0.02761252843218255,0
US-2023-152975,RB-19705,3540.3799999999997,0.025,First Class,East,0,0.13192567846468883,1
US-2023-132353,DB-13060,647.952,0.2,First Class,Central,0,0.02685454015859145,0
US-2023-146185,CC-12145,31.744,0.2,Standard Class,Central,0,0.021780971516094524,0
US-2023-163300,ES-14020,2911.7839999999997,0.20000000000000004,Standard Class,West,0,0.06441717002202234,0
US-2023-139822,Dp-13240,98.6,0.0,Standard Class,East,0,0.043641520794072984,0
US-2023-121888,CL-11890,1081.69,0.0,Second Class,East,0,0.04597432586346911,0
US-2023-124205,TC-21145,1038.26,0.0,Standard Class,East,0,0.032192666329180095,0
US-2023-165008,DO-13645,295.056,0.2,Second Class,West,1,0.07633258757872984,0
US-2023-134418,GM-14500,12.42,0.0,Standard Class,West,0,0.044007612077928825,0
US-2023-116652,RD-19480,959.1999999999999,0.08,Standard Class,West,0,0.171080630513146,1
US-2023-127096,CS-12400,300.904,0.2,Second Class,West,0,0.048061110221709544,0
US-2023-163020,MO-17800,35.56,0.0,Standard Class,East,0,0.017802034616853663,0
US-2023-130043,BB-11545,31.872,0.2,Standard Class,Central,0,0.016927569436174423,0
US-2023-145737,AB-10165,163.96,0.2,Standard Class,South,0,0.01666121648384995,0
US-2023-130715,CY-12745,17.9,0.0,Standard Class,West,0,0.06916033017444469,0
US-2023-134173,AB-10060,20.736,0.2,Standard Class,East,0,0.015613013084747837,0
US-2023-118136,BB-10990,29.6,0.0,First Class,West,0,0.16297873585929468,1
US-2023-144113,JF-15355,73.56,0.2,Standard Class,Central,0,0.030990018607579176,0
US-2023-112984,EH-14185,20.544,0.2,Second Class,East,0,0.015447366573650095,0
US-2023-141446,CL-12700,18.0,0.0,Second Class,South,0,0.01574334126842546,0
US-2023-136448,AS-10090,1368.22,0.4,First Class,East,0,0.04299914086507849,0
US-2023-112515,AS-10225,1782.104,0.08571428571428573,Second Class,West,0,0.17990658519260683,1
US-2023-126928,GZ-14470,514.05,0.0,Standard Class,East,0,0.031471446880207095,0
US-2023-137470,TP-21415,12.96,0.0,Same Day,West,0,0.032249505977255594,0
US-2023-105669,SJ-20125,1749.902,0.375,Second Class,Central,0,0.028709368585835535,0
US-2023-142293,SC-20380,179.94,0.0,First Class,West,0,0.0969984685764219,0
US-2023-157931,MO-17800,830.24,0.0,Second Class,South,0,0.03081448041505491,0
US-2023-140508,PA-19060,229.696,0.2,First Class,Central,0,0.021682776226103633,0
US-2023-148068,MM-18280,29.26,0.0,Standard Class,East,0,0.01864400716631776,0
US-2023-131016,DC-12850,113.024,0.2,First Class,Central,0,0.04677391517986247,0
US-2023-134439,TM-21010,15.96,0.0,Second Class,Central,0,0.015986623554976792,0
US-2023-166856,TS-21505,111.42,0.1,Standard Class,West,0,0.12349600317078893,1
US-2023-133333,BF-11020,22.72,0.0,Standard Class,Central,0,0.020428247076524637,0
US-2023-164756,SS-20140,997.83,0.0,Standard Class,South,0,0.02338054757515336,0
US-2023-106180,SH-19975,163.38,0.0,Standard Class,West,0,0.1418890851681135,1
US-2023-153822,AB-10105,592.308,0.325,Standard Class,West,1,0.16757513439972074,1
US-2023-102974,DP-13105,190.01,0.0,Standard Class,West,0,0.1149810669977687,0
US-2023-139787,JP-16135,35.4,0.0,Standard Class,South,0,0.016114304041924037,0
US-2023-148866,JM-15535,32.4,0.0,Standard Class,East,0,0.01981282736829828,0
US-2023-143378,JR-16210,697.612,0.325,Standard Class,West,0,0.22566655960298235,1
US-2023-139619,ES-14080,95.616,0.2,Standard Class,South,0,0.03160291785561515,0
US-2023-160801,FG-14260,4.842,0.7,Same Day,East,0,0.014687761095095305,0
CA-2023-153738,AG-10270,75.36,0.0,First Class,East,0,0.01451031840161198,0
US-2023-100111,SV-20365,7359.918,0.042857142857142864,Standard Class,East,1,0.02867285836685197,0
US-2023-146878,DL-12865,12.294,0.7,Standard Class,South,0,0.014593286247995003,0
US-2023-169817,EB-13870,1.908,0.7,Standard Class,East,0,0.015426035693016966,0
US-2023-151428,RH-19495,20.16,0.0,Standard Class,Central,0,0.018774210320695754,0
US-2023-165155,BM-11575,31.02,0.0,First Class,West,0,0.05834854766714591,0
US-2023-132262,ML-18265,303.92,0.0,First Class,West,0,0.1411391893390741,1
US-2023-133074,DB-13615,55.86,0.0,Standard Class,West,0,0.08565727385843126,0
US-2023-123351,KT-16480,80.48,0.0,Standard Class,South,0,0.01684310677095549,0
CA-2023-125724,SM-20950,68.43,0.2,Standard Class,West,0,0.12824584394766134,1
US-2023-161053,JE-15745,1453.8200000000002,0.0,First Class,South,0,0.049350421659607485,0
US-2023-166317,JE-15610,438.01,0.0,Standard Class,Central,0,0.08461312491151883,0
US-2023-136000,SC-20440,40.176,0.2,Second Class,East,0,0.01538932606700091,0
US-2023-158379,JA-15970,4749.327,0.3666666666666667,Second Class,East,0,0.030882895915411664,0
US-2023-167381,EH-14005,269.68,0.0,Second Class,Central,0,0.05215882369332519,0
US-2023-103226,DW-13195,27.18,0.0,Standard Class,West,0,0.07526295826686528,0
US-2023-108245,SH-19975,24.619999999999997,0.5,Standard Class,Central,0,0.04033367890805359,0
US-2023-162789,LC-17140,1083.07,0.0,Second Class,East,0,0.02857598948057873,0
US-2023-161970,PB-19105,30.900000000000002,0.0,Standard Class,South,0,0.027129185649641497,0
US-2023-102967,MG-17890,67.4,0.0,Standard Class,East,0,0.016461770108111867,0
US-2023-117009,BK-11260,21.96,0.0,Standard Class,West,0,0.05370802871343615,0
US-2023-122196,CA-12265,783.96,0.0,First Class,East,0,0.024103301872893522,0
US-2023-123778,BS-11755,186.78400000000002,0.1,Standard Class,West,0,0.190432974456601,1
US-2023-132059,AP-10915,228.572,0.44999999999999996,Standard Class,West,0,0.09544936948830515,0
US-2023-121412,BG-11695,29.328,0.2,Standard Class,West,0,0.05695747033344251,0
US-2023-103520,MH-17785,18.496,0.2,First Class,Central,0,0.017847509555830775,0
US-2023-121314,BE-11410,503.28,0.2,First Class,South,0,0.026972288375165167,0
US-2023-132521,DW-13540,158.28,0.06666666666666667,Second Class,West,0,0.11640282690573174,0
US-2023-125647,LC-16870,133.89600000000002,0.4000000000000001,Standard Class,Central,0,0.032300149598824344,0
US-2023-121853,DB-13660,878.816,0.13333333333333333,Standard Class,West,1,0.1454125273406211,1
US-2023-138422,KN-16705,28.704,0.2,First Class,West,0,0.09869723568491844,0
US-2023-117485,BD-11320,291.96,0.0,Standard Class,Central,0,0.020748663950342767,0
US-2023-102309,DO-13645,212.91,0.0,Second Class,South,0,0.03178076852633464,0
US-2023-142034,KB-16240,1331.82,0.0,Standard Class,Central,0,0.037122045925893556,0
US-2023-122364,FA-14230,1365.48,0.2,Standard Class,West,0,0.124548194976166,1
US-2023-130148,NK-18490,38.379999999999995,0.0,Second Class,West,0,0.0670336463876786,0
US-2023-134096,PP-18955,399.53,0.44999999999999996,Standard Class,South,0,0.07423961873033304,0
US-2023-144694,BD-11605,253.82399999999998,0.2,Second Class,South,0,0.03108580887931103,0
US-2023-132675,KF-16285,148.16,0.0,Standard Class,South,0,0.06069298746501497,0
CA-2023-160325,BP-11095,79.0,0.0,Same Day,East,0,0.019226261382852446,0
US-2023-148411,RO-19780,1063.776,0.25,First Class,Central,0,0.048559375637853015,0
US-2023-121839,MH-18115,1169.694,0.4,Standard Class,East,0,0.020272534185180383,0
US-2023-163335,AG-10675,158.0,0.0,First Class,South,0,0.03429281697789824,0
US-2023-108910,KC-16540,103.056,0.2,Standard Class,East,0,0.019115817036853434,0
US-2023-160325,BP-11095,829.83,0.0,Same Day,East,0,0.03431025141706225,0
US-2023-169929,LS-17200,79.8,0.0,First Class,West,0,0.07606905481881168,0
US-2023-116939,AG-10900,177.55,0.0,Standard Class,South,0,0.02553289161306501,0
US-2023-112004,AH-10075,398.98199999999997,0.44999999999999996,First Class,East,0,0.03132921157342565,0
US-2023-162481,CT-11995,278.23,0.0,Standard Class,Central,0,0.0357912526516967,0
US-2023-144904,KW-16435,562.0260000000001,0.025,Standard Class,East,0,0.06928493713017017,0
US-2023-122112,CA-11965,24.448,0.2,Standard Class,East,0,0.015079786665291011,0
US-2023-162572,RB-19360,130.56799999999998,0.2,Second Class,East,0,0.037345986595713386,0
CA-2023-192314,JS-13215,9.99,0.0,Second Class,East,0,0.015912363893213873,0
US-2023-129490,SJ-20125,419.136,0.2,Standard Class,South,0,0.027789217847306015,0
US-2023-156391,SL-20155,4.448,0.2,First Class,West,1,0.03899502095044525,0
US-2023-106145,RA-19885,1065.2160000000001,0.08,Same Day,West,0,0.284481849668859,1
US-2023-160017,SP-20860,10.368,0.2,Standard Class,South,0,0.014915772291457829,0
US-2023-139955,CM-12160,1.744,0.2,Second Class,Central,0,0.0198105206158675,0
US-2023-125717,DS-13030,1070.528,0.2833333333333333,First Class,West,0,0.1390278787277326,1
US-2023-101574,BD-11725,9.24,0.0,Standard Class,West,1,0.044982942033029445,0
US-2023-152205,SF-20965,30.0,0.7,Standard Class,East,0,0.014647090972608733,0
US-2023-126676,FH-14365,15.96,0.0,First Class,East,0,0.015119138083713986,0
US-2023-140186,PG-18820,608.092,0.08,First Class,West,1,0.16596275887505857,1
US-2023-121300,MG-17680,693.13,0.25,Same Day,East,0,0.06114840921795993,0
US-2023-148138,ME-18010,51.168,0.2,Standard Class,East,0,0.02153354411302049,0
US-2023-100314,AS-10630,372.44599999999997,0.26666666666666666,Standard Class,Central,0,0.04052845898813456,0
US-2023-137918,JK-15730,97.3,0.0,Standard Class,West,0,0.1039734375681236,0
US-2023-141509,SC-20575,198.4,0.0,First Class,West,0,0.08314086035883901,0
US-2023-128335,JA-15970,74.89,0.0,Standard Class,East,0,0.018699901906622057,0
US-2023-118402,JO-15280,243.92,0.2,Standard Class,South,0,0.025697127116216415,0
US-2023-144225,CC-12475,164.88,0.0,Second Class,East,0,0.021787772929220184,0
US-2023-120908,BF-10975,41.328,0.2,First Class,East,0,0.016862293737405453,0
US-2023-130603,SC-20050,11.646,0.8,Standard Class,Central,0,0.019014114831623047,0
US-2023-123029,BT-11530,159.98,0.0,Second Class,West,0,0.03670636914612365,0
US-2023-147452,CS-11845,367.18,0.0,First Class,West,1,0.29918491404858794,1
US-2023-117807,DK-13090,104.85,0.0,Standard Class,Central,0,0.02586515423261764,0
US-2023-156951,EB-13840,643.52,0.1,Standard Class,West,0,0.1158189563467574,0
US-2023-113418,CM-12655,3409.78,0.0,First Class,East,0,0.021191900827003313,0
US-2023-129378,NS-18505,827.568,0.15000000000000002,First Class,West,0,0.23605823992098898,1
US-2023-139577,TN-21040,104.75,0.0,Standard Class,West,0,0.06732979074877507,0
US-2023-152275,KH-16630,6.672,0.2,Standard Class,Central,0,0.018484861282360446,0
US-2023-152926,SC-20695,37.208,0.8,Second Class,Central,0,0.04283013402804528,0
US-2023-141117,JK-16090,374.61800000000005,0.44999999999999996,Standard Class,West,0,0.13538831856129724,1
US-2023-137414,CM-12115,386.62,0.1,Standard Class,West,1,0.15091239642539922,1
US-2023-147564,BP-11155,49.12,0.0,Standard Class,East,0,0.015966929448145515,0
US-2023-162558,Dp-13240,4875.344,0.37142857142857144,First Class,South,0,0.06253161542759285,0
US-2023-126074,RF-19735,275.65,0.0,Standard Class,Central,0,0.05846488928622072,0
US-2023-116113,JW-15220,10.16,0.0,Second Class,South,0,0.015750290909351605,0
US-2023-101308,FG-14260,93.724,0.1,Standard Class,West,0,0.10321480072523279,0
US-2023-123981,RW-19630,65.99,0.0,Standard Class,East,0,0.015310447414093254,0
US-2023-105914,PV-18985,1687.2600000000002,0.1,Standard Class,West,0,0.0703914813513713,0
US-2023-141789,AC-10450,3587.96,0.0,First Class,Central,0,0.021328317383582034,0
US-2023-101749,AS-10045,171.288,0.2,Standard Class,West,0,0.051688757518803176,0
US-2023-143035,CC-12430,462.52000000000004,0.0,Second Class,East,0,0.039587807488266444,0
US-2023-149853,PO-18850,33.472,0.2,Standard Class,South,0,0.017252324336317564,0
US-2023-144820,LW-16825,20.64,0.2,Second Class,Central,0,0.01756669953206048,0
US-2023-134607,HL-15040,22.58,0.0,Second Class,East,0,0.01604804815317393,0
US-2023-163818,PS-18970,19.98,0.0,Standard Class,East,0,0.014915772291457829,0
US-2023-143112,TS-21370,5509.142,0.03333333333333333,Standard Class,East,0,0.056360699227739744,0
CA-2023-131807,GG-14650,5606.982,0.11666666666666668,Standard Class,West,0,0.18359874363855097,1
US-2023-103247,PO-19195,236.722,0.1,Second Class,East,1,0.03895886202077167,0
US-2023-157672,RB-19795,127.648,0.2,First Class,West,0,0.1273811632928144,1
US-2023-167661,MP-18175,121.816,0.13333333333333333,Standard Class,West,0,0.14560055922766876,1
US-2023-131807,GG-14650,753.112,0.10000000000000002,Standard Class,West,1,0.12685748826609483,1
US-2023-148054,NZ-18565,307.74,0.0,Standard Class,West,0,0.13711278175569866,1
US-2023-137421,AJ-10945,9.344,0.2,Standard Class,West,0,0.03295838959737202,0
US-2023-136868,CR-12820,681.9100000000001,0.0,Standard Class,East,0,0.05517256987076019,0
US-2023-146269,MH-17455,309.488,0.2,Same Day,Central,0,0.03515686180858265,0
US-2023-109099,MM-18280,40.99,0.0,Standard Class,East,0,0.016505891941228975,0
US-2023-118577,XP-21865,150.17999999999998,0.0,Standard Class,East,0,0.04114871265402272,0
US-2023-148404,Dp-13240,1027.21,0.33999999999999997,Standard Class,South,0,0.043865874205582724,0
US-2023-152709,DB-13210,85.52,0.0,Standard Class,Central,0,0.02353023441671732,0
US-2023-128426,JK-15730,4.24,0.8,Standard Class,Central,0,0.018604783178658765,0
US-2023-104003,DC-13285,307.666,0.15,Standard Class,West,0,0.04615496217099508,0
US-2023-108574,MG-18145,1324.574,0.13333333333333333,Standard Class,West,0,0.09428678615088815,0
US-2023-168613,GM-14440,145.764,0.1,Standard Class,East,0,0.018788297057019374,0
US-2023-151596,BP-11050,85.52,0.0,First Class,East,0,0.018086035634150496,0
US-2023-105487,CS-12250,419.832,0.05,Standard Class,West,0,0.0971855492136725,0
US-2023-115595,XP-21865,70.4,0.0,First Class,West,0,0.06062481816390432,0
US-2023-117247,CK-12760,719.095,0.5,Standard Class,Central,0,0.0809422341652908,0
US-2023-162635,EB-14170,21.632,0.2,First Class,South,0,0.015732937307164074,0
US-2023-163125,MB-17305,321.202,0.25,Second Class,Central,0,0.04279249796855951,0
US-2023-132430,CP-12085,91.776,0.2,First Class,East,0,0.022909765942815002,0
US-2023-141873,HG-14845,364.388,0.15000000000000002,Standard Class,East,0,0.03863028128770935,0
CA-2023-126627,WB-21850,60.78,0.7,First Class,Central,0,0.020437162578651438,0
US-2023-111717,SW-20245,239.358,0.3,Standard Class,Central,0,0.028496209182398993,0
US-2023-149146,SM-20320,7.968,0.2,Same Day,South,0,0.014913367165553772,0
US-2023-168655,ML-18040,674.872,0.1,Standard Class,West,0,0.12208232668771969,0
US-2023-169362,SP-20860,79.968,0.2,First Class,Central,0,0.024807386882157292,0
US-2023-126536,NK-18490,205.66,0.1,First Class,West,0,0.08736556432157919,0
US-2023-130505,NF-18385,673.344,0.3,Same Day,East,0,0.024039978291934213,0
US-2023-112431,RW-19690,441.71999999999997,0.0,Second Class,West,0,0.1484956739816531,1
US-2023-169607,CA-12265,19.92,0.0,First Class,East,0,0.01500988260725189,0
US-2023-152702,SN-20710,254.604,0.3,Standard Class,Central,0,0.020522734603396167,0
US-2023-150091,NP-18670,2258.28,0.0,Standard Class,East,0,0.03910398805627423,0
US-2023-152933,MG-17650,1171.792,0.20000000000000004,Standard Class,Central,0,0.031756385690181646,0
US-2023-103212,MH-18025,3083.02,0.0,First Class,South,0,0.06939581237719603,0
US-2023-132976,AG-10495,114.376,0.2,Standard Class,East,0,0.019599470585219558,0
US-2023-116519,CR-12730,1809.8,0.0,First Class,East,0,0.023479092507074584,0
US-2023-163160,TS-21610,341.144,0.5333333333333333,First Class,Central,0,0.0995048544498,0
US-2023-148831,AH-10210,697.12,0.0,First Class,South,0,0.018489520359950176,0
US-2023-135909,JW-15220,5325.884,0.13333333333333333,Standard Class,West,0,0.12428514834893108,1
US-2023-150707,EL-13735,37.66,0.0,Standard Class,East,0,0.02083741644013589,0
US-2023-151183,BK-11260,46.36,0.0,Standard Class,West,0,0.10425470317947877,0
US-2023-126123,AG-10765,40.852000000000004,0.8,Standard Class,Central,0,0.02472430226536955,0
US-2023-168837,JW-15955,18.92,0.0,First Class,West,0,0.05838275680265845,0
US-2023-154949,MC-17275,14.73,0.0,Standard Class,West,1,0.05761249580744469,0
US-2023-100237,SV-20815,11.68,0.0,Standard Class,West,0,0.04185042561935001,0
US-2023-142643,DL-13495,175.37,0.0,Standard Class,West,0,0.07384524348091308,0
US-2023-164819,RS-19420,13.05,0.0,Second Class,East,0,0.01574334126842546,0
US-2023-113670,RS-19765,1430.38,0.1,First Class,West,1,0.07813284097374319,0
US-2023-106033,FG-14260,87.92,0.0,Second Class,West,0,0.08926914473159211,0
US-2023-132234,MY-17380,1094.6,0.0,First Class,East,0,0.01660370570091128,0
US-2023-159282,GH-14410,599.985,0.7,Standard Class,West,0,0.13059481684771837,1
US-2023-111577,AJ-10780,307.776,0.2,Standard Class,West,0,0.09452647421986772,0
US-2023-159100,VP-21760,1893.786,0.30000000000000004,Standard Class,South,0,0.04040116195763436,0
US-2023-158386,BO-11425,124.75,0.0,Standard Class,South,0,0.027881665855822878,0
US-2023-123246,AJ-10960,10.64,0.0,Second Class,West,0,0.11712177975259148,0
US-2023-114804,BF-11020,52.792,0.2,Second Class,West,0,0.05015937536150382,0
US-2023-165603,SS-20140,62.92,0.0,Second Class,East,0,0.01775119313482742,0
US-2023-131492,HH-15010,95.388,0.05,Second Class,West,1,0.2715477396836672,1
US-2023-125990,JS-16030,39.624,0.2,Standard Class,West,0,0.06316115720406244,0
CA-2023-107004,EH-14125,19.44,0.0,Standard Class,West,0,0.05054372390623258,0
US-2023-125199,HM-14860,456.51200000000006,0.26666666666666666,Standard Class,East,0,0.06665795955024184,0
US-2023-125388,MP-17965,89.26,0.0,Standard Class,East,0,0.03158739311767972,0
US-2023-120390,TH-21550,1633.188,0.7,Standard Class,South,0,0.0244945664900344,0
CA-2023-125388,MP-17965,41.048,0.2,Standard Class,East,0,0.01952862227729203,0
US-2023-107727,MA-17560,29.472,0.2,Second Class,Central,0,0.019017929553143544,0
US-2023-159457,RD-19480,16.68,0.2,Standard Class,Central,0,0.01593268271788454,0
US-2023-106432,CA-12265,330.4712,0.56,Standard Class,Central,0,0.034823417051262864,0
US-2023-117653,MO-17500,91.275,0.5,Standard Class,Central,0,0.023818978493690975,0
US-2023-115252,MY-18295,30.336,0.2,Standard Class,South,0,0.017283363096839026,0
US-2023-103065,PT-19090,59.824,0.2,Same Day,South,0,0.026234829640678668,0
US-2023-147277,EB-13705,949.7719999999999,0.30000000000000004,Standard Class,East,0,0.03907904316508136,0
US-2023-146416,JE-16165,24.678,0.1,Second Class,West,0,0.0988894032516278,0
US-2023-158722,MA-17560,45.528,0.2,Standard Class,East,0,0.019280761405815507,0
US-2023-158743,IG-15085,199.17000000000002,0.0,Standard Class,South,0,0.08016143035182602,0
US-2023-104822,RB-19465,24.55,0.0,Same Day,East,0,0.01621230019631493,0
US-2023-117331,ND-18370,8.559,0.7,Standard Class,West,0,0.03369366065983765,0
US-2023-142125,JB-15400,60.72,0.0,Standard Class,Central,0,0.025932147977141492,0
US-2023-145884,SL-20155,1702.0300000000002,0.0,Same Day,Central,0,0.030247583033625423,0
US-2023-100356,SP-20920,23.992,0.8,Standard Class,Central,0,0.022464252914262198,0
US-2023-113453,CM-12160,401.36400000000003,0.30000000000000004,Standard Class,East,0,0.07697783290800878,0
US-2023-117422,FC-14245,171.848,0.36666666666666664,Standard Class,East,0,0.027956197381109965,0
US-2023-148166,NK-18490,17.856,0.2,Standard Class,South,0,0.01812935291241197,0
US-2023-154410,MD-17860,1818.24,0.0,First Class,Central,0,0.0197476005246756,0
US-2023-113558,PH-18790,729.648,0.2,Standard Class,South,0,0.03571495108016214,0
US-2023-167094,DK-12835,1024.128,0.20000000000000004,First Class,West,0,0.13309242809429267,1
US-2023-101581,DW-13195,177.225,0.5,Standard Class,West,0,0.06791029000214964,0
US-2023-127180,TA-21385,27432.916,0.05,First Class,East,0,0.09707088310215395,0
US-2023-130141,HA-14905,582.304,0.44999999999999996,Second Class,West,0,0.1683970049180891,1
US-2023-156363,ML-17395,64.38,0.30000000000000004,Standard Class,East,0,0.01588438043948424,0
US-2023-111920,PS-18970,36.44,0.0,Standard Class,Central,0,0.01733050434440118,0
US-2023-130211,BD-11620,582.0699999999999,0.0,Same Day,Central,0,0.1005894518259659,0
US-2023-106068,RB-19330,337.81800000000004,0.35000000000000003,Standard Class,Central,0,0.029635636929050396,0
US-2023-105389,DM-13015,837.796,0.39999999999999997,Second Class,Central,0,0.04002016700189869,0
US-2023-117079,JR-15700,863.88,0.2,Standard Class,South,0,0.024212118643784756,0
US-2023-139913,JC-16105,142.92000000000002,0.0,Standard Class,East,0,0.04864929345141468,0
US-2023-125451,AH-10075,2339.96,0.09999999999999999,First Class,East,0,0.055444799684793586,0
US-2023-144365,CS-11950,11.68,0.0,Standard Class,South,0,0.015008379930981555,0
US-2023-141705,PO-18850,1034.81,0.3,First Class,Central,0,0.018043692833931015,0
US-2023-155558,PG-18895,26.15,0.0,Standard Class,Central,0,0.02656390146015997,0
US-2023-162173,OT-18730,608.4300000000001,0.0,Standard Class,South,0,0.029748265580131876,0
US-2023-110646,JF-15190,166.692,0.43333333333333335,Standard Class,East,0,0.03326249710277494,0
US-2023-115119,SC-20440,142.98000000000002,0.55,Standard Class,East,0,0.03177093208891688,0
US-2023-102729,BF-11215,55.616,0.2,Standard Class,Central,0,0.01914571870042581,0
US-2023-110373,MA-17560,34.24,0.2,Second Class,Central,0,0.017849027993043755,0
US-2023-130764,JO-15145,1305.01,0.175,First Class,West,0,0.13600847412293396,1
US-2023-134880,TW-21025,44.784,0.2,Standard Class,West,0,0.0593215948595064,0
US-2023-110310,NB-18655,68.967,0.36666666666666664,Standard Class,South,0,0.01589184263728691,0
US-2023-151225,JM-15655,523.072,0.2,First Class,West,0,0.14979098831070614,1
US-2023-127922,SH-19975,24.288,0.2,Standard Class,Central,0,0.030074201266850807,0
US-2023-111262,KH-16510,65.728,0.20000000000000004,Second Class,Central,0,0.030690103692704675,0
US-2023-139353,JM-15250,273.08799999999997,0.20000000000000004,Second Class,South,0,0.03532031372428709,0
US-2023-160661,SA-20830,21.93,0.0,Standard Class,East,0,0.016112894887145502,0
US-2023-118367,LO-17170,47.98,0.0,Second Class,East,0,0.016429197026752572,0
US-2023-160983,GB-14530,46.96,0.0,Second Class,East,0,0.016326335266539038,0
US-2023-152583,RA-19945,321.39,0.3666666666666667,Same Day,Central,0,0.05197928710028527,0
US-2023-139661,JW-15220,9.64,0.0,Standard Class,West,0,0.03909393889939977,0
US-2023-123491,JK-15205,1993.772,0.06666666666666667,Standard Class,West,1,0.2442649910292722,1
US-2023-142622,JK-15625,1823.64,0.13333333333333333,First Class,West,0,0.24181219171545748,1
US-2023-127285,MM-18055,102.65599999999999,0.2,Standard Class,West,0,0.10121843375654144,0
US-2023-152807,MC-18100,481.472,0.2,Standard Class,East,0,0.03205579004337728,0
US-2023-155292,RD-19810,409.96000000000004,0.0,First Class,South,0,0.029388900613307067,0
US-2023-117114,CY-12745,518.68,0.2,Standard Class,Central,0,0.03687531327629385,0
US-2023-131632,AH-10120,5.248,0.2,Standard Class,Central,0,0.018987312322450666,0
US-2023-104136,SF-20065,230.69,0.0,Second Class,East,0,0.02655825606272812,0
US-2023-123967,SF-20200,2690.74,0.1,Second Class,West,0,0.06572907256645691,0
US-2023-141425,AR-10825,384.592,0.2,Second Class,East,0,0.02401943109345207,0
US-2023-116358,KM-16225,46.019999999999996,0.0,Standard Class,Central,0,0.027493568939717,0
US-2023-167227,NP-18670,191.32000000000002,0.0,First Class,Central,0,0.03986825484947353,0
US-2023-120061,SR-20425,155.372,0.3,Second Class,East,0,0.031988166298256605,0
US-2023-168179,JB-16000,19.44,0.0,Standard Class,West,0,0.053492159785047615,0
US-2023-163790,NL-18310,1158.882,0.03333333333333333,Second Class,West,0,0.2277826763366886,1
US-2023-164049,KH-16630,23.85,0.0,Standard Class,West,0,0.056898604165175566,0
US-2023-169005,BG-11035,5.56,0.0,Standard Class,South,0,0.018553466427234423,0
US-2023-143567,TB-21175,3291.0699999999997,0.0,Second Class,South,0,0.037728325981561735,0
US-2023-145597,GG-14650,108.672,0.2,First Class,Central,0,0.022670829974831372,0
US-2023-115609,CS-12505,168.1,0.0,Standard Class,West,0,0.0763775805596427,0
US-2023-127782,TH-21115,891.504,0.25,Standard Class,East,0,0.03357924814710259,0
US-2023-103009,PJ-18835,26.4,0.0,Second Class,South,0,0.019051248505646403,0
US-2023-101518,PB-19105,40.776,0.2,Standard Class,East,0,0.019481410998923192,0
US-2023-142636,KC-16675,446.99600000000004,0.1,Standard Class,West,0,0.09263862267657216,0
US-2023-110989,EJ-14155,43.5,0.0,Second Class,West,0,0.04401801411080857,0
US-2023-130834,JM-16195,16.272,0.2,Second Class,South,0,0.017538650777245302,0
US-2023-105998,CR-12580,3745.868,0.1,First Class,West,0,0.11649043274947292,0
US-2023-148320,PG-18895,35.88,0.0,Standard Class,West,0,0.07080101990611273,0
US-2023-168802,JO-15145,18.368,0.2,Standard Class,West,0,0.05483442470322829,0
US-2023-143329,DL-13330,41.37,0.0,Standard Class,West,0,0.0866268386552132,0
US-2023-161130,BF-11275,361.376,0.2,Standard Class,South,0,0.022071029101093625,0
US-2023-110429,DM-13015,11.673,0.7,Standard Class,East,0,0.01745312860330872,0
US-2023-121615,DL-12925,75.9,0.0,Standard Class,Central,0,0.026974211976106558,0
US-2023-153339,DJ-13510,15.992,0.2,Second Class,South,0,0.019462485050674765,0
US-2023-135419,BG-11740,486.368,0.2,Standard Class,West,0,0.09710238001746922,0
US-2023-100622,DK-13090,1030.742,0.32499999999999996,Standard Class,South,0,0.028851114165624126,0
US-2023-126046,JC-16105,12.39,0.0,Standard Class,South,0,0.018376913107612233,0
US-2023-168116,GT-14635,8167.419999999999,0.35,Same Day,South,0,0.03705693049782787,0
US-2023-105144,SZ-20035,23.68,0.2,Standard Class,Central,0,0.02140435726844267,0
US-2023-122672,HG-14965,265.072,0.2,Standard Class,East,0,0.05106711313142307,0
US-2023-147760,KL-16555,3767.4480000000003,0.30000000000000004,First Class,South,0,0.0414231428008587,0
US-2023-159135,KM-16375,4.3,0.0,Standard Class,South,0,0.01753265574165095,0
US-2023-102610,CA-12265,248.39600000000002,0.325,Standard Class,South,0,0.027102304833853594,0
US-2023-121160,FM-14290,65.84,0.65,Same Day,Central,0,0.021091245373118527,0
US-2023-156083,JL-15175,9.664,0.2,Standard Class,South,0,0.016496249895085892,0
US-2023-154732,AH-10195,32.06,0.8,First Class,Central,0,0.01765856246490936,0
US-2023-157196,AA-10645,12.96,0.0,Standard Class,West,1,0.04139765638782097,0
US-2023-118213,AB-10060,480.3,0.0,First Class,Central,0,0.024168674808583673,0
US-2023-116225,SV-20935,390.75,0.0,Standard Class,East,0,0.02662162217231045,0
US-2023-102925,CD-12280,796.036,0.1125,Second Class,East,0,0.05959083272398482,0
US-2023-107272,TS-21610,246.38,0.44999999999999996,Standard Class,West,0,0.13848083915223508,1
US-2023-111745,RA-19885,319.98,0.0,First Class,West,0,0.03536464016375476,0
US-2023-114258,EM-13825,492.768,0.2,Second Class,Central,0,0.023830815893207843,0
US-2023-125290,CC-12430,40.28,0.0,Second Class,Central,0,0.02301394345104222,0
US-2023-106691,CC-12370,1.248,0.8,Standard Class,Central,0,0.02039268286298106,0
US-2023-154816,VB-21745,5.78,0.0,Standard Class,South,0,0.014619497125029322,0
US-2023-144596,CD-11980,318.96,0.0,Standard Class,East,0,0.031659692659044926,0
US-2023-100013,ZC-21910,29.689999999999998,0.0,Standard Class,West,0,0.08553551090623653,0
US-2023-153948,FM-14290,190.04999999999998,0.0,Same Day,West,0,0.20517509771065487,1
US-2023-150504,HG-14845,18.16,0.2,Standard Class,Central,0,0.019772814150832093,0
US-2023-167941,JF-15565,831.3679999999999,0.3,Second Class,South,0,0.0483700313671696,0
US-2023-119319,LC-17050,30.56,0.6,Second Class,Central,0,0.022010032143060368,0
US-2023-107174,AB-10060,2595.388,0.06666666666666667,Standard Class,West,0,0.09863831168674334,0
US-2023-109484,RB-19705,5.682,0.7,Standard Class,West,0,0.03472064178375697,0
US-2023-107720,VM-21685,46.26,0.0,Standard Class,East,0,0.016114304041924037,0
US-2023-154109,ML-17410,175.324,0.25,Standard Class,East,0,0.09227055178363028,0
US-2023-113572,FP-14320,7.88,0.0,Standard Class,East,0,0.015365620303770085,0
US-2023-152737,TS-21505,461.592,0.1,Standard Class,West,0,0.09954002219174933,0
US-2023-122504,DB-13270,821.514,0.1,Second Class,West,1,0.1334331493187379,1
US-2023-113460,KN-16390,272.97,0.0,Second Class,East,0,0.024391281660165152,0
US-2023-149888,EP-13915,710.322,0.4,Standard Class,East,0,0.026187153604575006,0
US-2023-132346,PK-19075,100.94,0.0,Standard Class,East,1,0.018839460999458213,0
US-2023-163188,EC-14050,38.16,0.0,Same Day,Central,0,0.021916027477521777,0
US-2023-155621,KN-16450,274.2,0.0,Standard Class,East,0,0.027222021185715647,0
US-2023-143658,SR-20425,109.9,0.0,Second Class,East,0,0.03779279674086832,0
US-2023-152912,BM-11650,3013.78,0.0,Second Class,East,0,0.03733461893949605,0
US-2023-161018,PN-18775,96.53,0.0,Second Class,East,0,0.04563026960577509,0
US-2023-159667,PM-19135,691.144,0.2,Standard Class,South,0,0.03146093376423138,0
US-2023-158246,JB-15400,431.952,0.2,First Class,West,0,0.08616402114367974,0
US-2023-119494,JE-15610,523.392,0.2,Standard Class,West,0,0.05113304381288098,0
US-2023-141852,JE-15745,47.12,0.0,Standard Class,West,0,0.144609642841176,1
US-2023-159597,MC-17590,163.55,0.0,Standard Class,West,0,0.05736245128499531,0
US-2023-137624,ME-17320,241.424,0.2,Standard Class,West,0,0.03975115286601629,0
US-2023-128447,MC-17845,429.592,0.1,Standard Class,West,0,0.06282310389717694,0
US-2023-161739,EB-13750,341.96,0.6,Second Class,Central,0,0.024802300771406632,0
US-2023-104640,FH-14275,1362.056,0.1,Standard Class,East,0,0.030479498948073475,0
US-2023-141138,GH-14425,111.79,0.0,Standard Class,West,0,0.1524358512410207,1
US-2023-163874,NC-18535,26.352,0.2,Second Class,West,0,0.05310384964437853,0
US-2023-162096,TB-21190,7.8,0.0,Same Day,West,0,0.05245059508046992,0
US-2023-142671,DR-12940,11.52,0.7,Second Class,South,0,0.016918538037892734,0
US-2023-155425,AB-10600,2950.108,0.4,First Class,West,0,0.2676847741443534,1
US-2023-148985,TB-21190,34.92,0.0,Second Class,West,0,0.09324699686898158,0
US-2023-115448,MH-18025,177.84,0.2,First Class,South,0,0.017396029304219154,0
US-2023-143217,CG-12040,18.24,0.0,Standard Class,Central,0,0.019515997038894013,0
US-2023-157483,EP-13915,181.86,0.0,Standard Class,Central,0,0.025061906232081595,0
US-2023-116491,PG-18820,70.368,0.2,First Class,Central,0,0.017736182408641485,0
US-2023-158561,BB-11545,1158.12,0.2,Second Class,South,0,0.021844244298159995,0
US-2023-110842,GA-14725,151.93,0.06666666666666667,Standard Class,West,0,0.09600418687112384,0
US-2023-150959,TD-20995,57.55199999999999,0.5,First Class,Central,0,0.03212878934418049,0
US-2023-143455,ML-17755,10.368,0.2,Standard Class,East,0,0.01551423288882548,0
US-2023-154137,MT-17815,35.48,0.0,Standard Class,East,0,0.02044132375950739,0
US-2023-167976,JL-15505,25.5,0.0,Second Class,Central,0,0.017577130034369365,0
US-2023-120327,WB-21850,45.92,0.0,Standard Class,Central,0,0.016547723942804165,0
US-2023-166835,DK-13375,221.024,0.2,Second Class,East,0,0.022374111477230188,0
US-2023-134915,EM-14140,972.08,0.20000000000000004,Same Day,West,0,0.26629316325743646,1
US-2023-122644,SF-20965,29.392000000000003,0.2,Standard Class,East,0,0.021605840699090884,0
US-2023-136707,JE-15610,28.032,0.2,First Class,West,0,0.10806978519062659,0
US-2023-164364,CS-12355,47.1,0.0,Standard Class,West,0,0.09720834951908902,0
US-2023-164168,LS-16975,256.36,0.3666666666666667,Standard Class,Central,0,0.1093318052279608,0
US-2023-134978,EB-13705,15.92,0.2,Second Class,East,0,0.01842638727456809,0
US-2023-116659,NG-18355,370.782,0.4,Same Day,East,0,0.026663066266411684,0
US-2023-149944,MB-17305,94.36,0.0,Second Class,West,0,0.09809481003343923,0
US-2023-130386,NG-18430,779.1600000000001,0.20000000000000004,Standard Class,Central,0,0.023978234832469372,0
US-2023-132220,DJ-13510,62.352,0.2,Standard Class,West,0,0.06667721098334468,0
US-2023-160514,DB-13120,10.56,0.0,Standard Class,West,0,0.031778140388272105,0
US-2023-154088,LB-16735,26.72,0.2,Standard Class,South,0,0.016212719481769264,0
US-2023-125808,EP-13915,11.56,0.0,Second Class,West,0,0.03344978273653538,0
US-2023-159156,KB-16600,1259.9,0.0,First Class,East,0,0.024743254563998934,0
US-2023-165344,SB-20290,1450.158,0.5333333333333333,First Class,East,0,0.030210485465580934,0
US-2023-140312,KL-16645,22.0,0.2,Standard Class,West,0,0.0685776422544395,0
US-2023-119662,CS-12400,460.752,0.2,First Class,Central,0,0.020182317736637458,0
US-2023-113873,KE-16420,267.7912,0.26,Standard Class,Central,0,0.02753278441487732,0
US-2023-153633,TC-21295,2.064,0.2,Second Class,South,0,0.01961053888005069,0
US-2023-123624,SE-20110,82.95,0.0,Second Class,West,0,0.10489125228094777,0
US-2023-160416,AD-10180,163.96,0.0,Second Class,East,0,0.024811487574921375,0
US-2023-122490,TT-21070,3321.2780000000002,0.1,Standard Class,West,0,0.09098459880269613,0
US-2023-124926,ME-17320,9.324,0.8,Second Class,Central,0,0.017368004931099287,0
US-2023-112844,SP-20620,198.54999999999998,0.0,Second Class,East,0,0.032172490641566354,0
US-2023-165204,MN-17935,728.968,0.2,Second Class,South,0,0.05993804412593245,0
US-2023-133620,EM-14065,11.21,0.0,Standard Class,East,0,0.01524122743308127,0
US-2023-102904,CB-12025,239.92,0.0,Standard Class,South,0,0.02174823408569385,0
US-2023-152142,LW-16990,321.568,0.2,Standard Class,West,0,0.04278492464002891,0
US-2023-138611,CK-12595,123.588,0.55,Second Class,East,0,0.04591644253138018,0
US-2023-142489,TC-21295,21.99,0.8,Second Class,Central,0,0.0197076601758627,0
US-2023-137323,PW-19030,96.36,0.0,Second Class,East,0,0.02564620895988417,0
CA-2023-154121,SC-20260,6.68,0.0,Standard Class,East,0,0.01563474239328098,0
US-2023-124261,JE-15715,34.24,0.0,Standard Class,West,0,0.10708503663704415,0
US-2023-136679,XP-21865,212.992,0.2,Standard Class,Central,1,0.05629476388396257,0
US-2023-118157,AW-10930,30.56,0.0,First Class,Central,0,0.020879767766470828,0
US-2023-106943,FO-14305,8.64,0.2,Standard Class,East,0,0.01573427761852658,0
US-2023-108112,DK-12895,559.2,0.2,Standard Class,South,0,0.03256114780805088,0
US-2023-122945,MB-18085,17.31,0.0,Standard Class,West,0,0.06303936065227422,0
US-2023-136308,MW-18235,1919.976,0.2,Same Day,West,1,0.07637601989320991,0
US-2023-107888,CC-12220,709.54,0.05,First Class,West,1,0.18169398478315216,1
US-2023-121678,BM-11650,1.824,0.7,Second Class,East,0,0.01789353545185886,0
US-2023-100601,JK-15370,48.86,0.0,Standard Class,West,0,0.07297155813340553,0
US-2023-108091,EK-13795,23.36,0.0,Standard Class,West,0,0.10938133883802698,0
US-2023-160633,BS-11380,1126.2939999999999,0.26666666666666666,Standard Class,East,0,0.07345893211310744,0
US-2023-118598,CM-12190,119.94,0.0,Same Day,East,0,0.023684212264512207,0
US-2023-137022,SW-20275,811.28,0.0,Standard Class,West,0,0.10409697017509278,0
US-2023-114657,MH-18115,52.44,0.0,Standard Class,East,0,0.015897628205160972,0
US-2023-157896,CB-12415,146.82,0.0,Same Day,East,0,0.02337633327566062,0
US-2023-157448,LC-16885,132.35999999999999,0.0,Standard Class,West,0,0.14021242515083684,1
US-2023-116505,TB-21625,43.8,0.0,Second Class,East,0,0.019466526802763846,0
US-2023-163629,RA-19885,286.09,0.0,Standard Class,South,0,0.03474538675711872,0
US-2023-155866,CC-12370,226.64,0.0,Standard Class,East,0,0.05899613899258831,0
US-2023-158120,KH-16330,23.766000000000002,0.44999999999999996,Standard Class,West,0,0.13129984818024942,1
US-2023-138163,XP-21865,101.88,0.0,First Class,East,1,0.03208331186064632,0
US-2023-141719,EG-13900,239.96,0.2,Second Class,Central,0,0.029613177949060814,0
US-2023-100902,CK-12595,699.4000000000001,0.2,Standard Class,South,0,0.03671326697512101,0
US-2023-128265,VW-21775,1247.64,0.0,Second Class,East,0,0.023351598330820417,0
US-2023-166709,HL-15040,10499.97,0.0,Standard Class,East,0,0.020533231156612288,0
US-2023-165687,CS-12355,35.04,0.0,Standard Class,South,0,0.02012173006956313,0
US-2023-118122,GG-14650,13.904,0.2,Standard Class,West,1,0.03312918303597901,0
US-2023-124674,JB-16000,327.7328,0.32,Standard Class,Central,0,0.02459008122749994,0
US-2023-160122,RD-19930,182.97,0.25,Standard Class,Central,0,0.0879649763904873,0
US-2023-132444,CD-12280,819.096,0.04,First Class,West,0,0.19109775012750435,1
US-2023-104864,JS-15685,552.856,0.3,Second Class,South,0,0.06710223369939727,0
US-2023-107825,NB-18655,143.48000000000002,0.0,Same Day,Central,1,0.02717805133242681,0
US-2023-143434,ME-17320,19.76,0.0,Standard Class,Central,0,0.0174461734370245,0
US-2023-158946,JW-15220,38.864,0.2,Standard Class,East,0,0.015665845949070573,0
US-2023-167871,AF-10870,47.328,0.2,Standard Class,South,0,0.02929067414760846,0
US-2023-104913,DK-13090,74.95,0.0,Standard Class,East,0,0.01547930194488106,0
US-2023-152380,JH-15910,219.075,0.5,Standard Class,Central,0,0.026262030018262834,0
US-2023-139969,AF-10870,233.058,0.3,Standard Class,Central,0,0.027160097771481106,0
US-2023-126242,MC-18100,323.71,0.0,Standard Class,West,0,0.17276404531147715,1
US-2023-121468,KD-16345,63.936,0.2,First Class,West,0,0.10312361657714121,0
US-2023-131254,NC-18415,3458.572,0.43333333333333335,First Class,Central,0,0.06120745114223428,0
US-2023-162929,AS-10135,109.28,0.1,First Class,East,0,0.027833329389446774,0
US-2023-146458,RB-19435,22.96,0.0,Second Class,South,0,0.01694261536521782,0
US-2023-110926,DD-13570,25.06,0.0,Standard Class,South,0,0.018276820523782364,0
US-2023-101042,AB-10105,843.84,0.0,Standard Class,South,0,0.04211990804742353,0
US-2023-168858,JD-16150,2521.4799999999996,0.0,Standard Class,East,0,0.03219110163207931,0
US-2023-158876,AB-10150,138.696,0.3,Second Class,Central,0,0.03131738649826663,0
US-2023-137491,LC-16930,305.312,0.3,Standard Class,Central,0,0.020596665413695207,0
US-2023-112529,SC-20770,1499.7839999999999,0.25,First Class,Central,0,0.029136293205793078,0
US-2023-143021,AP-10720,138.382,0.30000000000000004,Same Day,East,0,0.030116421310055378,0
US-2023-108014,JH-15430,59.913,0.7,Standard Class,East,0,0.017451292014287873,0
US-2023-120404,KH-16330,623.9300000000001,0.0,Second Class,East,0,0.02508574775091181,0
US-2023-161193,BT-11680,82.256,0.2,Standard Class,East,0,0.021796847139271165,0
US-2023-103499,ES-14020,209.568,0.2,Standard Class,South,0,0.023245752260918216,0
US-2023-111556,CD-11920,3119.3360000000002,0.05,First Class,East,1,0.06347579164901428,0
US-2023-146724,HG-15025,22.0,0.0,Standard Class,Central,0,0.016002134286373884,0
US-2023-121818,JH-15430,105.392,0.2,First Class,South,0,0.040024530097634244,0
US-2023-154123,SC-20050,27.58,0.0,Standard Class,South,0,0.01661175605688602,0
US-2023-110996,KA-16525,283.92,0.2,Standard Class,West,0,0.07293069017521102,0
US-2023-118731,LP-17080,126.656,0.1,Second Class,West,0,0.08573765428229611,0
US-2023-142888,BP-11230,70.98,0.0,Standard Class,West,1,0.044068524684040385,0
US-2023-105130,PJ-18835,52.495999999999995,0.1,Standard Class,West,0,0.10064020187841043,0
US-2023-157420,HZ-14950,55.176,0.2,Same Day,Central,0,0.02435377343763531,0
US-2023-110443,CK-12205,1242.632,0.13333333333333333,Standard Class,West,0,0.1270811606429462,1
US-2023-107874,SW-20275,27.42,0.0,Standard Class,East,0,0.019607271612928218,0
US-2023-100811,CC-12475,95.488,0.2,First Class,East,0,0.039400153352105755,0
US-2023-103380,BF-11005,739.736,0.04,Standard Class,West,1,0.28688458116898613,1
US-2023-144036,FO-14305,35.712,0.2,Standard Class,Central,0,0.02403943129782737,0
US-2023-149160,JM-15265,316.32,0.0,Second Class,Central,0,0.06886978374721259,0
US-2023-119004,JM-15250,105.408,0.20000000000000004,Standard Class,South,0,0.026169990051605994,0
US-2023-119746,CM-12385,240.368,0.3333333333333333,Standard Class,Central,0,0.03417944539052495,0
US-2023-148992,CS-12250,10.688,0.2,Standard Class,Central,0,0.022291240440925498,0
US-2023-166919,AH-10210,195.96,0.2,Standard Class,Central,0,0.021461696283338636,0
US-2023-103156,TD-20995,48.096,0.2,First Class,East,0,0.021370294319260172,0
US-2023-156622,JP-15460,496.962,0.375,First Class,Central,0,0.05735010020496091,0
US-2023-107832,FH-14275,7.476,0.7,Second Class,East,0,0.021642257592555142,0
US-2023-167017,DC-12850,8.72,0.0,First Class,Central,0,0.018933441115318847,0
US-2023-101945,GT-14710,10.824,0.2,Standard Class,Central,0,0.019082009166928406,0
US-2023-146535,FM-14290,1446.8400000000001,0.0,Standard Class,South,0,0.029114818374273675,0
US-2023-166436,TS-21370,983.172,0.05,Standard Class,East,0,0.031208389348813023,0
US-2023-103765,JG-15310,13.762,0.8,Standard Class,Central,0,0.02098092548768484,0
US-2023-162250,PR-18880,7.78,0.0,Same Day,West,0,0.04018256358746471,0
US-2023-137505,BP-11290,435.168,0.2,Same Day,West,0,0.16323150432743735,1
US-2023-153654,MD-17860,19.008,0.7,Second Class,South,0,0.015308236335296073,0
US-2023-131366,SC-20440,319.53200000000004,0.30000000000000004,Standard Class,East,0,0.0260397914770953,0
US-2023-164028,JL-15835,223.58,0.0,Standard Class,West,0,0.11937137432652412,0
US-2023-128300,RS-19765,406.93999999999994,0.0,Second Class,South,0,0.023877199356949545,0
US-2023-168641,KA-16525,518.8679999999999,0.05,Standard Class,East,0,0.04763113810551369,0
US-2023-105543,BG-11695,33.29,0.0,Same Day,Central,0,0.016099459463124677,0
US-2023-123701,PG-18820,55.52,0.0,First Class,West,0,0.10411382163452805,0
US-2023-128118,MY-17380,76.521,0.44999999999999996,Standard Class,South,0,0.0232200416169425,0
US-2023-169894,MV-17485,436.596,0.44999999999999996,Second Class,West,1,0.09318790253851192,0
US-2023-109610,BS-11590,701.96,0.0,Second Class,South,0,0.029799112765596197,0
US-2023-129000,SZ-20035,501.81,0.0,Second Class,Central,0,0.021039096656561115,0
US-2023-101665,TZ-21580,5.16,0.0,Standard Class,West,0,0.04080328859598779,0
US-2023-150266,RO-19780,1240.418,0.375,Standard Class,Central,0,0.04278778792439636,0
US-2023-133312,BD-11500,369.97900000000004,0.075,Standard Class,West,0,0.08299298650465635,0
US-2023-124765,HZ-14950,723.92,0.2,Standard Class,South,0,0.024733761842061202,0
US-2023-155159,DL-13315,48.87,0.0,Second Class,South,0,0.019781661149432854,0
US-2023-161459,EB-13750,74.03999999999999,0.1,Second Class,West,1,0.12455569672644058,1
US-2023-135307,LS-17245,328.68,0.0,First Class,Central,0,0.06123994368118089,0
US-2023-155957,CC-12610,265.408,0.2,Standard Class,East,0,0.03739946145928017,0
US-2023-122700,LT-17110,220.752,0.4,Standard Class,East,0,0.026112732619067894,0
US-2023-100097,MN-17935,1115.25,0.0,Second Class,East,0,0.030101384608655038,0
US-2023-141439,TT-21460,3083.94,0.0,Standard Class,Central,0,0.0576068970708686,0
US-2023-130526,GT-14755,67.136,0.8,First Class,Central,0,0.01525140691998282,0
US-2023-155607,FG-14260,152.07399999999998,0.1,Standard Class,East,0,0.027995419910338788,0
US-2023-165029,AH-10075,12.84,0.0,Standard Class,South,0,0.015297793129789235,0
US-2023-103352,RP-19390,114.414,0.1,Second Class,East,0,0.042213248373452354,0
US-2023-102519,BM-11650,381.34,0.0,First Class,Central,1,0.0264023281672589,0
US-2023-159506,JR-16210,656.22,0.0,Standard Class,Central,0,0.0457024773579526,0
US-2023-133207,DO-13645,57.568,0.2,Standard Class,West,0,0.08468007086185002,0
US-2023-132185,DB-13615,52.344,0.2,Standard Class,South,0,0.01680937000044711,0
US-2023-107125,BD-11320,136.328,0.1,Standard Class,West,0,0.0783809243177956,0
US-2023-101245,LW-16990,410.71000000000004,0.0,Standard Class,West,0,0.13861875302142154,1
US-2023-117702,LS-16975,1071.74,0.0,Standard Class,East,0,0.053093301760428174,0
US-2023-121538,RH-19495,177.536,0.2,First Class,West,0,0.07301696262620497,0
US-2023-131303,EP-13915,62.65,0.0,Standard Class,West,0,0.10689143526355188,0
US-2023-123372,DG-13300,2059.85,0.0,Standard Class,East,0,0.0341640836553419,0
US-2023-110576,RB-19795,3629.9360000000006,0.24000000000000005,Standard Class,East,0,0.05718858848855746,0
US-2023-108035,TT-21070,491.888,0.2,Standard Class,South,0,0.04787249930256259,0
US-2023-120089,ML-17755,663.936,0.2,Same Day,East,0,0.024421808705218456,0
US-2023-107314,MZ-17335,51.66,0.0,First Class,West,0,0.053396036792249066,0
US-2023-137365,BP-11095,95.976,0.2,Second Class,Central,0,0.03897902053336782,0
US-2023-102267,SC-20800,2.368,0.2,Standard Class,Central,0,0.02365667428251177,0
US-2023-116645,ME-17725,155.94,0.0,Standard Class,East,0,0.03275520822833207,0
US-2023-142090,SC-20380,2165.658,0.30000000000000004,Standard Class,South,0,0.04586519260786676,0
US-2023-105333,VP-21730,899.1099999999999,0.0,Standard Class,East,0,0.04644457889398179,0
US-2023-165456,TB-21625,2158.632,0.3,First Class,East,0,0.02536181512544316,0
US-2023-119305,SW-20275,173.8,0.0,Standard Class,South,0,0.03562224471892815,0
US-2023-148768,PN-18775,71.976,0.2,Second Class,South,0,0.018284859251986432,0
US-2023-111689,HP-14815,1311.372,0.15000000000000002,Second Class,East,0,0.0334855763378526,0
US-2023-103968,ML-17755,629.64,0.0,Standard Class,West,0,0.0901660406956722,0
US-2023-163139,CC-12670,259.44,0.06666666666666667,Second Class,East,0,0.05152810782602054,0
US-2023-122539,SC-20305,422.909,0.39999999999999997,Standard Class,East,0,0.02915783277459446,0
US-2023-145660,MG-17650,15.424,0.2,First Class,East,0,0.016073962065266487,0
US-2023-127313,RA-19285,233.024,0.2,First Class,East,0,0.02615809534973306,0
US-2023-101805,SH-19975,627.84,0.06666666666666667,Standard Class,West,1,0.09917686245802099,0
US-2023-113355,SJ-20215,536.858,0.25,Standard Class,Central,0,0.03796914565815743,0
US-2023-143245,AD-10180,916.59,0.0,Standard Class,East,0,0.028064979261798302,0
US-2023-144862,EH-14005,167.638,0.30000000000000004,Standard Class,East,0,0.0357933608783271,0
US-2023-166926,SO-20335,183.82,0.0,Standard Class,West,0,0.12434413794716878,1
US-2023-145233,DV-13465,1020.2629999999999,0.3,Standard Class,West,0,0.1964147884463489,1
US-2023-118542,CC-12550,55.488,0.1,Standard Class,West,1,0.07536397288550592,0
US-2023-135860,JH-15985,376.1,0.0,Standard Class,Central,0,0.11953262750747551,0
US-2023-138618,MY-17380,10.368,0.2,Standard Class,Central,0,0.023113376869703044,0
US-2023-147767,SV-20935,67.86,0.7,Same Day,West,0,0.09438231978146583,0
US-2023-147221,JS-16030,303.372,0.7,Second Class,Central,0,0.04122550580164874,0
US-2023-109701,AM-10360,178.89,0.08,Same Day,West,0,0.18451033424243174,1
US-2023-116715,VW-21775,1356.2,0.0,First Class,West,0,0.1308214938629099,1
US-2023-102379,BB-11545,1378.948,0.13333333333333333,Standard Class,West,0,0.10680587999918165,0
CA-2023-145612,MK-19560,16.464,0.2,Standard Class,East,0,0.018126077533083308,0
CA-2023-106541,MK-19560,39.96,0.6,Standard Class,East,0,0.015236555907469602,0
US-2023-165715,BG-11035,32.776,0.2,Standard Class,South,0,0.015462362322153892,0
CA-2023-105471,NC-19470,58.36,0.6,Standard Class,East,0,0.01557441787293722,0
US-2023-108063,AS-10090,69.3,0.0,First Class,South,0,0.015231547519837688,0
US-2023-112347,BS-11380,1915.624,0.34285714285714286,Standard Class,West,0,0.13786376591139324,1
US-2023-160885,JK-16090,2479.96,0.0,Standard Class,Central,0,0.02041124107749925,0
US-2023-143756,ME-17725,1403.92,0.0,First Class,South,0,0.026191002949626244,0
US-2023-157469,ES-14080,170.916,0.30000000000000004,Standard Class,East,0,0.05297226941855351,0
US-2023-155089,DB-12910,45.66,0.7,Standard Class,South,0,0.01506532696432649,0
US-2023-104108,RP-19855,12.16,0.2,Standard Class,Central,0,0.019536666896578438,0
US-2023-164917,MK-17905,47.96,0.2,Standard Class,South,0,0.01551423288882548,0
US-2023-167395,KM-16720,2542.34,0.0,First Class,East,1,0.053724698454119584,0
US-2023-155075,GW-14605,631.176,0.7,Standard Class,East,0,0.022050762168829872,0
US-2023-149510,MC-17575,98.446,0.36666666666666664,Standard Class,South,0,0.05963894836449481,0
US-2023-128699,ND-18370,47.992,0.2,Second Class,South,0,0.01586388046635516,0
US-2023-103415,MV-17485,13.592,0.6,Standard Class,Central,0,0.02256654546253967,0
US-2023-143126,CM-12655,521.96,0.0,Second Class,West,0,0.03799620129355192,0
US-2023-148691,CS-12460,238.68400000000003,0.1,Standard Class,East,0,0.04533679723549346,0
US-2023-118017,LC-16870,306.36,0.2,Second Class,West,0,0.15931618681327084,1
US-2023-136875,TC-21295,166.44,0.0,Same Day,West,0,0.07581024577868424,0
US-2023-123071,CC-12550,20.736,0.2,First Class,Central,0,0.024347240217199854,0
US-2023-139773,DV-13045,188.552,0.3,Same Day,East,0,0.028906211259774394,0
US-2023-153227,CS-12250,23.52,0.0,First Class,West,0,0.09090205398569327,0
US-2023-152660,CB-12415,61.568,0.2,Standard Class,Central,1,0.01546899811383048,0
US-2023-107384,TP-21130,551.55,0.0,Standard Class,Central,0,0.028522649523058222,0
US-2023-156412,CM-12160,5.346,0.7,Standard Class,East,0,0.01415976013011052,0
US-2023-117667,MS-17980,588.008,0.22000000000000003,Standard Class,East,0,0.027510021795847668,0
CA-2023-119508,TZ-21580,41.98,0.0,Standard Class,West,0,0.14912440460014043,1
US-2023-147550,KE-16420,22.704,0.2,First Class,East,0,0.015270040666416176,0
US-2023-118003,DO-13645,498.15000000000003,0.0,Standard Class,East,0,0.02857345803532887,0
US-2023-109183,LR-16915,649.0,0.5,Standard Class,South,0,0.023624913443776912,0
US-2023-160031,LT-16765,74.352,0.2,Second Class,East,0,0.016060068541799675,0
US-2023-104066,QJ-19255,205.03,0.0,Standard Class,East,0,0.027694896693065206,0
US-2023-131212,AB-10165,39.792,0.2,Standard Class,West,0,0.08885139465002345,0
US-2023-117128,BF-11080,32.67,0.0,Second Class,East,0,0.034793057064272416,0
US-2023-105235,SM-20950,334.52,0.0,Standard Class,East,0,0.03918515383879687,0
US-2023-156958,PB-18805,994.0880000000001,0.16,First Class,West,1,0.18309655768283623,1
US-2023-130351,RB-19570,399.46,0.0,First Class,Central,0,0.061359021642643084,0
US-2023-126053,CS-11950,102.82,0.0,First Class,East,0,0.029822433940906334,0
US-2023-126865,NP-18325,92.94,0.0,Second Class,West,0,0.07137516807365998,0
US-2023-149006,BN-11470,10.68,0.0,Second Class,West,0,0.045536524415052744,0
US-2023-134285,DS-13180,19.104,0.2,Standard Class,Central,0,0.020853831320409116,0
US-2023-122714,HG-14965,1889.99,0.8,Standard Class,Central,0,0.022820187981678147,0
US-2023-137099,FP-14320,748.752,0.2,First Class,West,1,0.08964664170460612,0
US-2023-157980,SH-20395,255.968,0.2,First Class,East,0,0.02081254039850558,0
US-2023-142328,TC-21535,50.04,0.0,Standard Class,West,1,0.15039567714933624,1
US-2023-135587,BH-11710,372.64,0.0,Standard Class,South,0,0.056317429752517904,0
US-2023-136189,DC-13285,82.38,0.0,Standard Class,South,0,0.01716888871811823,0
US-2023-152436,CW-11905,592.74,0.0,Second Class,East,0,0.031736912310080044,0
US-2023-131961,MJ-17740,194.47199999999998,0.30000000000000004,First Class,East,0,0.02672877336978704,0
US-2023-145226,DL-13315,433.78,0.0,Second Class,East,0,0.031595029488514656,0
US-2023-117926,AS-10225,69.48,0.0,Second Class,West,1,0.03702550468691431,0
US-2023-148264,LF-17185,437.62,0.0,First Class,West,0,0.19301055397523428,1
US-2023-108854,DM-13345,243.584,0.1,Standard Class,West,0,0.1094926633314202,0
US-2023-117324,JP-15520,1816.3600000000001,0.0,Standard Class,Central,0,0.10245862633117678,0
US-2023-117457,KH-16510,3955.507,0.08333333333333333,Standard Class,West,0,0.2258203301618535,1
US-2023-167570,EG-13900,215.544,0.3,Standard Class,East,0,0.020551794365291427,0
US-2023-139199,DK-12835,927.44,0.0,Standard Class,Central,0,0.023077757263998116,0
US-2023-129833,HF-14995,43.85,0.0,Standard Class,Central,0,0.023201362990307176,0
US-2023-141201,DB-12910,148.257,0.15,Second Class,West,0,0.06658504587412818,0
US-2023-132927,RD-19720,11.088,0.7,Standard Class,East,0,0.014777212288597168,0
US-2023-145366,CA-12310,94.78399999999999,0.2,Standard Class,East,0,0.03846386988193277,0
US-2023-109960,DB-13210,188.24,0.0,Second Class,Central,0,0.040286851705212935,0
US-2023-139402,NC-18535,432.405,0.44999999999999996,Standard Class,West,0,0.10381980762004128,0
US-2023-103814,LH-16900,143.856,0.2,Standard Class,Central,0,0.02649458880592299,0
US-2023-102407,AT-10435,1096.488,0.06666666666666667,Second Class,West,0,0.16414849490409855,1
US-2023-167920,JL-15835,1827.51,0.0,Second Class,South,0,0.0435540275335435,0
US-2023-118038,KB-16600,76.392,0.5333333333333333,First Class,Central,0,0.058626905722505104,0
US-2023-109715,AH-10585,15.984,0.2,Standard Class,Central,0,0.018646293875232835,0
US-2023-108329,LE-16810,444.768,0.2,Standard Class,West,0,0.12376047891352943,1
US-2023-102659,LW-17215,54.9,0.0,Standard Class,Central,0,0.02348779393859741,0
CA-2023-141082,FM-14380,125.81,0.0,Standard Class,East,0,0.03547743170199624,0
US-2023-148012,KM-16225,2.624,0.2,Standard Class,East,0,0.0187901050420661,0
CA-2023-124626,JP-11135,99.12,0.0,Standard Class,East,0,0.03212910535459499,0
US-2023-143798,AW-10840,642.496,0.2,First Class,East,0,0.03446924121305208,0
US-2023-158967,BT-11680,38.208,0.2,First Class,South,0,0.016108308613064348,0
US-2023-110149,WB-21850,182.386,0.44999999999999996,First Class,East,0,0.03741677654798151,0
US-2023-108294,LS-16975,34.5,0.0,Same Day,Central,1,0.02050335933621777,0
US-2023-148922,SU-20665,684.7800000000001,0.0,Second Class,South,0,0.02108898101911014,0
US-2023-107748,AG-10330,108.80000000000001,0.1,Second Class,West,0,0.1495047105472554,1
US-2023-152695,CC-12220,437.65000000000003,0.0,Same Day,East,0,0.03086946374879335,0
US-2023-167150,BP-11185,85.50399999999999,0.2,Standard Class,West,0,0.13566255791184753,1
US-2023-157651,HA-14920,14.2,0.2,Standard Class,East,0,0.01539521678905017,0
US-2023-140907,BP-11185,392.21999999999997,0.0,Second Class,West,0,0.08593466379602763,0
US-2023-148446,MC-17845,1669.6,0.0,Second Class,West,0,0.04815778790608428,0
US-2023-135503,JE-16165,14.76,0.0,Standard Class,South,0,0.01509975382903425,0
US-2023-162565,RR-19315,608.552,0.3666666666666667,Same Day,Central,0,0.03437370782191427,0
US-2023-149706,AS-10285,232.624,0.2,First Class,Central,0,0.021589358380923067,0
US-2023-153871,RB-19435,798.9300000000001,0.0,Standard Class,East,0,0.024367539098317247,0
US-2023-125213,NB-18655,13.08,0.0,First Class,East,0,0.015302082719970652,0
US-2023-129581,KN-16390,128.85,0.0,Standard Class,East,0,0.022232325249746884,0
US-2023-101798,MV-18190,63.339999999999996,0.1,Standard Class,East,0,0.016450810216325898,0
US-2023-168389,DV-13045,873.811,0.2625,Standard Class,South,0,0.02718898387996209,0
US-2023-142776,RS-19870,12.68,0.0,Second Class,Central,0,0.04036227667759451,0
US-2023-165099,DK-13375,2.784,0.8,First Class,Central,0,0.02327724451154811,0
US-2023-100230,AA-10375,149.872,0.06666666666666667,Standard Class,East,0,0.0249777138646889,0
US-2023-160759,AI-10855,63.686,0.3,Standard Class,East,0,0.01759994272300947,0
US-2023-107986,MW-18220,31.44,0.0,Same Day,West,0,0.06258950332765703,0
US-2023-135377,BP-11095,287.976,0.2,Standard Class,East,0,0.026323085973214977,0
US-2023-122770,EP-13915,261.52,0.0,Standard Class,West,0,0.08570136745775034,0
US-2023-107629,DB-13060,457.176,0.4,Same Day,Central,0,0.033341470764230406,0
US-2023-147333,KL-16555,204.55,0.0,Standard Class,South,0,0.04674366711440269,0
US-2023-169859,MP-18175,134.91,0.06666666666666667,Standard Class,West,1,0.16366108006868382,1
CA-2023-151799,BF-11170,678.7719999999999,0.1,Standard Class,East,0,0.050905558140419596,0
US-2023-151799,BF-11170,1843.402,0.06,Standard Class,East,0,0.05250752979198817,0
US-2023-122595,GM-14455,282.688,0.3333333333333333,Standard Class,Central,0,0.03129048716488229,0
US-2023-113992,LC-16885,974.988,0.3,Standard Class,Central,0,0.023654485191268993,0
US-2023-136063,SS-20140,10.192,0.2,Standard Class,Central,0,0.02272648649740178,0
US-2023-154116,KM-16660,273.92600000000004,0.06666666666666667,Standard Class,West,0,0.15223657818337463,1
US-2023-119564,PL-18925,22.77,0.0,Standard Class,West,0,0.11318090381624604,0
CA-2023-135480,BG-18435,88.06,0.0,Standard Class,East,0,0.03037180055670394,0
US-2023-137463,KM-16225,420.234,0.04,Second Class,West,0,0.24720919864870666,1
US-2023-111808,AR-10510,10.8,0.0,Standard Class,Central,0,0.021448235193965107,0
US-2023-104381,RD-19810,33.376,0.2,Standard Class,East,0,0.015950376474280305,0
US-2023-137428,AY-10555,222.03199999999998,0.15000000000000002,Second Class,West,1,0.16028588308949568,1
US-2023-161578,RB-19465,172.26,0.0,Second Class,West,0,0.09893829482526578,0
US-2023-107342,VF-21715,28.16,0.0,Standard Class,Central,0,0.017219327872134857,0
US-2023-130309,GB-14575,544.38,0.0,Standard Class,South,0,0.02646007683786852,0
US-2023-120936,CA-12310,495.3,0.0,Standard Class,West,0,0.08581218116396368,0
US-2023-116855,AI-10855,504.9,0.0,Standard Class,South,0,0.03131459159945516,0
US-2023-103443,AT-10735,315.89599999999996,0.06666666666666667,Standard Class,East,0,0.02877260964637259,0
US-2023-155362,DP-13105,32.56,0.0,Standard Class,Central,0,0.01599605168257447,0
US-2023-106964,HR-14770,23.616,0.2,First Class,West,0,0.0734914416198857,0
US-2023-133431,LC-17140,28.47,0.1,Standard Class,West,0,0.18125111314656653,1
US-2023-116701,LC-17140,66.284,0.8,Second Class,Central,0,0.019798931757323373,0
US-2023-140585,RA-19915,286.485,0.11666666666666665,Second Class,West,1,0.1387214243429889,1
US-2023-105886,DB-13660,18.96,0.0,Standard Class,East,0,0.014913367165553772,0
US-2023-158736,TT-21460,5.76,0.0,Standard Class,West,0,0.03979707292823913,0
US-2023-164000,AH-10030,18.704,0.2,Standard Class,East,0,0.01688558112815351,0
US-2023-102099,EP-13915,103.97999999999999,0.0,First Class,West,0,0.10543603486039703,0
US-2023-115602,DJ-13630,2888.518,0.025,Standard Class,East,0,0.044386459925396915,0
US-2023-143252,HE-14800,129.29,0.0,Standard Class,Central,0,0.10413991798476412,0
US-2023-108287,AG-10330,25.344,0.2,First Class,South,0,0.018853233045167245,0
US-2023-156664,BP-11290,233.53199999999998,0.32499999999999996,Standard Class,East,0,0.02803406113147806,0
US-2023-158729,AC-10450,3331.24,0.0,First Class,South,1,0.021631685429436116,0
US-2023-116946,TS-21505,193.63400000000001,0.3666666666666667,Standard Class,West,0,0.13634880620078207,1
US-2023-128160,MM-17920,36.672,0.2,Second Class,West,0,0.03903956906320463,0
US-2023-102197,DK-13150,364.27199999999993,0.06666666666666667,Standard Class,East,0,0.07153355671303611,0
US-2023-105480,DK-13225,13.464,0.1,Standard Class,East,0,0.0176392146480059,0
CA-2023-126634,AB-10165,6.984,0.2,Second Class,West,0,0.03017099610702346,0
US-2023-137456,RB-19465,15.92,0.0,Same Day,Central,0,0.022094977304548773,0
US-2023-106782,LP-17095,375.34,0.0,Standard Class,Central,0,0.023450088360096377,0
US-2023-144827,SE-20110,124.36,0.0,Standard Class,West,0,0.03961004562140057,0
US-2023-107461,PK-19075,23.88,0.0,Second Class,South,0,0.02054915356387267,0
US-2023-109589,BD-11635,142.0,0.0,First Class,South,0,0.033218358675540086,0
US-2023-138380,YS-21880,1000.02,0.0,Standard Class,West,0,0.06044946948667346,0
US-2023-163405,BN-11515,12.51,0.0,Standard Class,West,0,0.08575083619524378,0
US-2023-165841,DB-13210,517.9100000000001,0.0,Standard Class,East,0,0.034443146200060754,0
US-2023-119193,SK-19990,1263.1979999999999,0.55,First Class,East,0,0.06447202399420919,0
US-2023-115931,JM-15655,126.98000000000002,0.05,Standard Class,West,0,0.10967466151507686,0
US-2023-104927,AG-10330,108.13,0.4000000000000001,Standard Class,Central,0,0.056609198806300505,0
US-2023-149699,CM-12115,949.9,0.0,First Class,West,0,0.16339976904789294,1
US-2023-146164,CM-12190,638.68,0.0,Standard Class,Central,0,0.06364590079246255,0
US-2023-120376,TP-21130,4566.86,0.0,First Class,Central,0,0.02687191300342591,0
US-2023-155376,SG-20080,839.43,0.0,Standard Class,Central,0,0.027460913569809196,0
US-2023-119578,JG-15310,916.14,0.0,Second Class,East,0,0.042025332360500434,0
US-2023-150910,JL-15130,1090.348,0.24000000000000005,Standard Class,South,1,0.10414405688255798,0
US-2023-142909,AG-10330,182.55,0.5,Second Class,West,0,0.09056091806687581,0
US-2023-145310,JP-15520,7.824,0.2,Second Class,South,0,0.018145988614558163,0
US-2023-100412,SR-20425,141.96,0.0,Standard Class,South,0,0.022228317101189828,0
US-2023-110625,JB-16045,27.46,0.0,Standard Class,East,0,0.016201103658650483,0
US-2023-123463,GZ-14470,13.48,0.0,Same Day,West,0,0.046927460234003245,0
US-2023-121216,MM-17920,57.984,0.5,Second Class,Central,0,0.0382497142135843,0
US-2023-162670,MF-18250,1152.87,0.0,Second Class,South,0,0.03484616865392146,0
US-2023-127929,FM-14215,181.95,0.0,Standard Class,East,0,0.031007788102393484,0
US-2023-140627,DK-12985,303.32,0.20000000000000004,Standard Class,South,0,0.07050385725047857,0
US-2023-117443,JB-15400,189.71200000000002,0.5,Second Class,Central,0,0.03045807424376848,0
US-2023-121195,NS-18505,528.64,0.2,First Class,Central,0,0.02064217207234437,0
US-2023-169978,HG-15025,286.14,0.15000000000000002,Standard Class,East,0,0.02798408606096871,0
US-2023-128734,JL-15175,850.92,0.2,Standard Class,West,0,0.16755236879710028,1
US-2023-169411,AC-10615,37.93,0.0,Standard Class,East,0,0.015207439334722156,0
US-2023-147956,AH-10210,1003.62,0.0,Standard Class,West,0,0.06232981435671013,0
US-2023-124296,CS-12355,712.85,0.0,Standard Class,South,0,0.031848413609496556,0
US-2023-145219,RM-19675,5940.8640000000005,0.2,First Class,West,0,0.11697831689256885,0
US-2023-117933,RF-19840,35.91,0.0,Standard Class,East,0,0.015268220995788458,0
US-2023-163671,DP-13105,21.312,0.2,Standard Class,West,0,0.049839490367284696,0
US-2023-154935,AR-10540,17.88,0.2,Standard Class,East,0,0.01570870482977398,0
US-2023-148355,NC-18535,31.740000000000002,0.0,Standard Class,East,0,0.017287898325689326,0
US-2023-161480,RA-19285,191.984,0.2,Standard Class,East,0,0.02014535568071637,0
US-2023-162880,GD-14590,3.856,0.2,Standard Class,West,0,0.03250636085141842,0
US-2023-108756,PO-18865,31.8,0.0,Standard Class,East,0,0.016114304041924037,0
US-2023-146780,CV-12805,41.96,0.0,Standard Class,East,0,0.01580753759486307,0
US-2023-134194,GA-14725,160.162,0.56,Standard Class,Central,1,0.03425821165602501,0
US-2023-121398,FH-14365,424.172,0.1,Standard Class,West,0,0.09726998944590226,0
US-2023-147669,SV-20935,484.323,0.375,Standard Class,East,0,0.0580191556137644,0
US-2023-105620,JH-15430,282.0,0.35,First Class,South,0,0.06773479710456286,0
US-2023-114055,MH-18115,819.28,0.0,Second Class,South,0,0.026193056792664905,0
US-2023-163510,JW-15955,400.39,0.0,Second Class,South,0,0.039762524307873325,0
US-2023-136238,KB-16240,16.032,0.2,Standard Class,Central,0,0.019229690677902395,0
US-2023-106705,PO-18850,44.75,0.0,Standard Class,Central,0,0.0253679646611396,0
US-2023-121741,YC-21895,750.68,0.0,Same Day,Central,0,0.027448394285855843,0
US-2023-112487,TC-21535,3.132,0.7,Standard Class,East,0,0.015613034901762938,0
US-2023-134404,DR-12880,177.636,0.30000000000000004,Same Day,East,0,0.035429549504787786,0
US-2023-127516,EH-14005,64.784,0.2,Standard Class,South,0,0.016965661772144498,0
US-2023-135111,CS-12400,28.38,0.0,Standard Class,Central,0,0.0225382167683337,0
US-2023-101322,JG-15310,681.408,0.2,First Class,West,0,0.10193665151026424,0
US-2023-129805,HM-14860,7.4,0.0,Standard Class,West,0,0.027128955257096545,0
US-2023-163979,KH-16690,725.84,0.0,Second Class,West,0,0.09717791593038945,0
US-2023-162068,PC-18745,1.188,0.7,Second Class,West,0,0.04122921040986017,0
US-2023-163860,LO-17170,125.98,0.575,Standard Class,Central,0,0.07181909699486923,0
US-2023-164826,JF-15415,134.524,0.05,Standard Class,East,0,0.03703248436316489,0
US-2023-136539,GH-14665,106.02080000000001,0.26,Standard Class,Central,1,0.0480846083995659,0
US-2023-122798,SV-20935,122.53,0.0,Standard Class,West,0,0.13215635833348446,1
US-2023-158526,KH-16360,1814.6799999999998,0.0,Second Class,South,0,0.06422572612448495,0
US-2023-146626,BP-11185,101.12,0.0,Standard Class,West,0,0.08315553163822974,0
CA-2023-141531,BG-18435,68.46,0.0,Standard Class,East,0,0.021025947469292816,0
US-2023-102638,MC-17845,12.06,0.0,First Class,East,0,0.016073962065266487,0
US-2023-118885,JG-15160,695.944,0.2,Standard Class,West,0,0.06910473540891772,0
US-2023-130631,BS-11755,88.06,0.0,Standard Class,West,1,0.1403199778327894,1
CA-2023-146626,JP-11135,99.12,0.0,Standard Class,East,0,0.03253055688816386,0
US-2023-158673,KB-16600,209.7,0.0,Standard Class,Central,0,0.024280480992612385,0
CA-2023-143500,HO-15230,3.024,0.2,Standard Class,East,0,0.023596078918611846,0
US-2023-115427,EB-13975,34.623999999999995,0.2,Standard Class,West,1,0.13852069883723253,1
US-2023-143259,PO-18865,466.84200000000004,0.13333333333333333,Standard Class,East,0,0.047547778186850784,0
US-2023-126221,CC-12430,209.3,0.0,Standard Class,Central,0,0.020609189943607328,0
US-2023-156720,JM-15580,3.024,0.2,Standard Class,West,0,0.048861073837773904,0
